season,date,team,points,division,conference
2012-13,2013-01-20,Anaheim Ducks,2,Pacific,Western
2012-13,2013-01-22,Anaheim Ducks,2,Pacific,Western
2012-13,2013-01-26,Anaheim Ducks,0,Pacific,Western
2012-13,2013-01-27,Anaheim Ducks,2,Pacific,Western
2012-13,2013-01-30,Anaheim Ducks,1,Pacific,Western
2012-13,2013-02-02,Anaheim Ducks,2,Pacific,Western
2012-13,2013-02-03,Anaheim Ducks,2,Pacific,Western
2012-13,2013-02-05,Anaheim Ducks,2,Pacific,Western
2012-13,2013-02-07,Anaheim Ducks,2,Pacific,Western
2012-13,2013-02-09,Anaheim Ducks,0,Pacific,Western
2012-13,2013-02-10,Anaheim Ducks,2,Pacific,Western
2012-13,2013-02-13,Anaheim Ducks,2,Pacific,Western
2012-13,2013-02-16,Anaheim Ducks,2,Pacific,Western
2012-13,2013-02-17,Anaheim Ducks,2,Pacific,Western
2012-13,2013-02-19,Anaheim Ducks,2,Pacific,Western
2012-13,2013-02-25,Anaheim Ducks,2,Pacific,Western
2012-13,2013-02-26,Anaheim Ducks,0,Pacific,Western
2012-13,2013-02-28,Anaheim Ducks,2,Pacific,Western
2012-13,2013-03-02,Anaheim Ducks,2,Pacific,Western
2012-13,2013-03-03,Anaheim Ducks,1,Pacific,Western
2012-13,2013-03-05,Anaheim Ducks,1,Pacific,Western
2012-13,2013-03-07,Anaheim Ducks,2,Pacific,Western
2012-13,2013-03-09,Anaheim Ducks,2,Pacific,Western
2012-13,2013-03-11,Anaheim Ducks,2,Pacific,Western
2012-13,2013-03-13,Anaheim Ducks,2,Pacific,Western
2012-13,2013-03-15,Anaheim Ducks,2,Pacific,Western
2012-13,2013-03-17,Anaheim Ducks,1,Pacific,Western
2012-13,2013-03-19,Anaheim Ducks,2,Pacific,Western
2012-13,2013-03-21,Anaheim Ducks,2,Pacific,Western
2012-13,2013-03-23,Anaheim Ducks,0,Pacific,Western
2012-13,2013-03-25,Anaheim Ducks,0,Pacific,Western
2012-13,2013-03-26,Anaheim Ducks,0,Pacific,Western
2012-13,2013-03-28,Anaheim Ducks,0,Pacific,Western
2012-13,2013-03-30,Anaheim Ducks,2,Pacific,Western
2012-13,2013-03-31,Anaheim Ducks,1,Pacific,Western
2012-13,2013-04-02,Anaheim Ducks,2,Pacific,Western
2012-13,2013-04-04,Anaheim Ducks,2,Pacific,Western
2012-13,2013-04-06,Anaheim Ducks,0,Pacific,Western
2012-13,2013-04-08,Anaheim Ducks,2,Pacific,Western
2012-13,2013-04-09,Anaheim Ducks,2,Pacific,Western
2012-13,2013-04-11,Anaheim Ducks,0,Pacific,Western
2012-13,2013-04-14,Anaheim Ducks,0,Pacific,Western
2012-13,2013-04-18,Anaheim Ducks,1,Pacific,Western
2012-13,2013-04-20,Anaheim Ducks,0,Pacific,Western
2012-13,2013-04-22,Anaheim Ducks,2,Pacific,Western
2012-13,2013-04-23,Anaheim Ducks,2,Pacific,Western
2012-13,2013-04-26,Anaheim Ducks,2,Pacific,Western
2012-13,2013-04-28,Anaheim Ducks,0,Pacific,Western
2012-13,2013-01-20,Boston Bruins,2,Northeast,Eastern
2012-13,2013-01-21,Boston Bruins,2,Northeast,Eastern
2012-13,2013-01-24,Boston Bruins,1,Northeast,Eastern
2012-13,2013-01-26,Boston Bruins,2,Northeast,Eastern
2012-13,2013-01-29,Boston Bruins,2,Northeast,Eastern
2012-13,2013-01-30,Boston Bruins,2,Northeast,Eastern
2012-13,2013-02-01,Boston Bruins,0,Northeast,Eastern
2012-13,2013-02-03,Boston Bruins,2,Northeast,Eastern
2012-13,2013-02-07,Boston Bruins,2,Northeast,Eastern
2012-13,2013-02-11,Boston Bruins,2,Northeast,Eastern
2012-13,2013-02-13,Boston Bruins,1,Northeast,Eastern
2012-13,2013-02-16,Boston Bruins,0,Northeast,Eastern
2012-13,2013-02-17,Boston Bruins,2,Northeast,Eastern
2012-13,2013-02-22,Boston Bruins,2,Northeast,Eastern
2012-13,2013-02-24,Boston Bruins,2,Northeast,Eastern
2012-13,2013-02-27,Boston Bruins,2,Northeast,Eastern
2012-13,2013-03-01,Boston Bruins,2,Northeast,Eastern
2012-13,2013-03-02,Boston Bruins,2,Northeast,Eastern
2012-13,2013-03-04,Boston Bruins,0,Northeast,Eastern
2012-13,2013-03-06,Boston Bruins,1,Northeast,Eastern
2012-13,2013-03-08,Boston Bruins,2,Northeast,Eastern
2012-13,2013-03-09,Boston Bruins,2,Northeast,Eastern
2012-13,2013-03-11,Boston Bruins,2,Northeast,Eastern
2012-13,2013-03-12,Boston Bruins,0,Northeast,Eastern
2012-13,2013-03-14,Boston Bruins,2,Northeast,Eastern
2012-13,2013-03-16,Boston Bruins,2,Northeast,Eastern
2012-13,2013-03-17,Boston Bruins,0,Northeast,Eastern
2012-13,2013-03-20,Boston Bruins,0,Northeast,Eastern
2012-13,2013-03-21,Boston Bruins,2,Northeast,Eastern
2012-13,2013-03-23,Boston Bruins,0,Northeast,Eastern
2012-13,2013-03-25,Boston Bruins,2,Northeast,Eastern
2012-13,2013-03-27,Boston Bruins,1,Northeast,Eastern
2012-13,2013-03-30,Boston Bruins,0,Northeast,Eastern
2012-13,2013-03-31,Boston Bruins,2,Northeast,Eastern
2012-13,2013-04-02,Boston Bruins,2,Northeast,Eastern
2012-13,2013-04-04,Boston Bruins,2,Northeast,Eastern
2012-13,2013-04-06,Boston Bruins,0,Northeast,Eastern
2012-13,2013-04-08,Boston Bruins,2,Northeast,Eastern
2012-13,2013-04-10,Boston Bruins,2,Northeast,Eastern
2012-13,2013-04-11,Boston Bruins,0,Northeast,Eastern
2012-13,2013-04-13,Boston Bruins,0,Northeast,Eastern
2012-13,2013-04-17,Boston Bruins,1,Northeast,Eastern
2012-13,2013-04-20,Boston Bruins,0,Northeast,Eastern
2012-13,2013-04-21,Boston Bruins,2,Northeast,Eastern
2012-13,2013-04-23,Boston Bruins,0,Northeast,Eastern
2012-13,2013-04-25,Boston Bruins,2,Northeast,Eastern
2012-13,2013-04-27,Boston Bruins,1,Northeast,Eastern
2012-13,2013-04-28,Boston Bruins,0,Northeast,Eastern
2012-13,2013-01-20,Buffalo Sabres,2,Northeast,Eastern
2012-13,2013-01-22,Buffalo Sabres,2,Northeast,Eastern
2012-13,2013-01-25,Buffalo Sabres,0,Northeast,Eastern
2012-13,2013-01-26,Buffalo Sabres,0,Northeast,Eastern
2012-13,2013-01-27,Buffalo Sabres,0,Northeast,Eastern
2012-13,2013-01-30,Buffalo Sabres,1,Northeast,Eastern
2012-13,2013-02-01,Buffalo Sabres,2,Northeast,Eastern
2012-13,2013-02-02,Buffalo Sabres,0,Northeast,Eastern
2012-13,2013-02-03,Buffalo Sabres,0,Northeast,Eastern
2012-13,2013-02-06,Buffalo Sabres,0,Northeast,Eastern
2012-13,2013-02-08,Buffalo Sabres,2,Northeast,Eastern
2012-13,2013-02-10,Buffalo Sabres,2,Northeast,Eastern
2012-13,2013-02-11,Buffalo Sabres,0,Northeast,Eastern
2012-13,2013-02-13,Buffalo Sabres,0,Northeast,Eastern
2012-13,2013-02-16,Buffalo Sabres,2,Northeast,Eastern
2012-13,2013-02-17,Buffalo Sabres,0,Northeast,Eastern
2012-13,2013-02-20,Buffalo Sabres,0,Northeast,Eastern
2012-13,2013-02-22,Buffalo Sabres,0,Northeast,Eastern
2012-13,2013-02-24,Buffalo Sabres,0,Northeast,Eastern
2012-13,2013-02-27,Buffalo Sabres,2,Northeast,Eastern
2012-13,2013-03-01,Buffalo Sabres,2,Northeast,Eastern
2012-13,2013-03-02,Buffalo Sabres,2,Northeast,Eastern
2012-13,2013-03-04,Buffalo Sabres,1,Northeast,Eastern
2012-13,2013-03-06,Buffalo Sabres,0,Northeast,Eastern
2012-13,2013-03-08,Buffalo Sabres,1,Northeast,Eastern
2012-13,2013-03-10,Buffalo Sabres,0,Northeast,Eastern
2012-13,2013-03-12,Buffalo Sabres,2,Northeast,Eastern
2012-13,2013-03-16,Buffalo Sabres,1,Northeast,Eastern
2012-13,2013-03-17,Buffalo Sabres,0,Northeast,Eastern
2012-13,2013-03-19,Buffalo Sabres,2,Northeast,Eastern
2012-13,2013-03-21,Buffalo Sabres,2,Northeast,Eastern
2012-13,2013-03-23,Buffalo Sabres,2,Northeast,Eastern
2012-13,2013-03-26,Buffalo Sabres,0,Northeast,Eastern
2012-13,2013-03-28,Buffalo Sabres,1,Northeast,Eastern
2012-13,2013-03-30,Buffalo Sabres,1,Northeast,Eastern
2012-13,2013-03-31,Buffalo Sabres,0,Northeast,Eastern
2012-13,2013-04-02,Buffalo Sabres,2,Northeast,Eastern
2012-13,2013-04-05,Buffalo Sabres,2,Northeast,Eastern
2012-13,2013-04-07,Buffalo Sabres,2,Northeast,Eastern
2012-13,2013-04-10,Buffalo Sabres,0,Northeast,Eastern
2012-13,2013-04-11,Buffalo Sabres,0,Northeast,Eastern
2012-13,2013-04-13,Buffalo Sabres,2,Northeast,Eastern
2012-13,2013-04-14,Buffalo Sabres,2,Northeast,Eastern
2012-13,2013-04-17,Buffalo Sabres,2,Northeast,Eastern
2012-13,2013-04-19,Buffalo Sabres,0,Northeast,Eastern
2012-13,2013-04-22,Buffalo Sabres,0,Northeast,Eastern
2012-13,2013-04-23,Buffalo Sabres,2,Northeast,Eastern
2012-13,2013-04-26,Buffalo Sabres,2,Northeast,Eastern
2012-13,2013-01-20,Calgary Flames,0,Northwest,Western
2012-13,2013-01-22,Calgary Flames,0,Northwest,Western
2012-13,2013-01-24,Calgary Flames,1,Northwest,Western
2012-13,2013-01-27,Calgary Flames,2,Northwest,Western
2012-13,2013-02-01,Calgary Flames,0,Northwest,Western
2012-13,2013-02-03,Calgary Flames,1,Northwest,Western
2012-13,2013-02-06,Calgary Flames,2,Northwest,Western
2012-13,2013-02-08,Calgary Flames,2,Northwest,Western
2012-13,2013-02-10,Calgary Flames,0,Northwest,Western
2012-13,2013-02-12,Calgary Flames,1,Northwest,Western
2012-13,2013-02-14,Calgary Flames,2,Northwest,Western
2012-13,2013-02-16,Calgary Flames,0,Northwest,Western
2012-13,2013-02-17,Calgary Flames,2,Northwest,Western
2012-13,2013-02-19,Calgary Flames,0,Northwest,Western
2012-13,2013-02-21,Calgary Flames,0,Northwest,Western
2012-13,2013-02-24,Calgary Flames,2,Northwest,Western
2012-13,2013-02-25,Calgary Flames,2,Northwest,Western
2012-13,2013-02-27,Calgary Flames,1,Northwest,Western
2012-13,2013-03-01,Calgary Flames,0,Northwest,Western
2012-13,2013-03-04,Calgary Flames,2,Northwest,Western
2012-13,2013-03-07,Calgary Flames,2,Northwest,Western
2012-13,2013-03-09,Calgary Flames,0,Northwest,Western
2012-13,2013-03-10,Calgary Flames,0,Northwest,Western
2012-13,2013-03-12,Calgary Flames,0,Northwest,Western
2012-13,2013-03-14,Calgary Flames,2,Northwest,Western
2012-13,2013-03-16,Calgary Flames,2,Northwest,Western
2012-13,2013-03-19,Calgary Flames,0,Northwest,Western
2012-13,2013-03-22,Calgary Flames,0,Northwest,Western
2012-13,2013-03-22,Calgary Flames,0,Northwest,Western
2012-13,2013-03-25,Calgary Flames,2,Northwest,Western
2012-13,2013-03-27,Calgary Flames,0,Northwest,Western
2012-13,2013-03-28,Calgary Flames,2,Northwest,Western
2012-13,2013-03-30,Calgary Flames,0,Northwest,Western
2012-13,2013-04-02,Calgary Flames,0,Northwest,Western
2012-13,2013-04-04,Calgary Flames,0,Northwest,Western
2012-13,2013-04-06,Calgary Flames,0,Northwest,Western
2012-13,2013-04-07,Calgary Flames,0,Northwest,Western
2012-13,2013-04-09,Calgary Flames,2,Northwest,Western
2012-13,2013-04-11,Calgary Flames,0,Northwest,Western
2012-13,2013-04-13,Calgary Flames,2,Northwest,Western
2012-13,2013-04-14,Calgary Flames,2,Northwest,Western
2012-13,2013-04-16,Calgary Flames,0,Northwest,Western
2012-13,2013-04-18,Calgary Flames,2,Northwest,Western
2012-13,2013-04-20,Calgary Flames,2,Northwest,Western
2012-13,2013-04-21,Calgary Flames,2,Northwest,Western
2012-13,2013-04-24,Calgary Flames,0,Northwest,Western
2012-13,2013-04-26,Calgary Flames,0,Northwest,Western
2012-13,2013-04-27,Calgary Flames,0,Northwest,Western
2012-13,2013-01-20,Carolina Hurricanes,0,Southeast,Eastern
2012-13,2013-01-23,Carolina Hurricanes,0,Southeast,Eastern
2012-13,2013-01-25,Carolina Hurricanes,2,Southeast,Eastern
2012-13,2013-01-26,Carolina Hurricanes,2,Southeast,Eastern
2012-13,2013-01-29,Carolina Hurricanes,0,Southeast,Eastern
2012-13,2013-02-02,Carolina Hurricanes,2,Southeast,Eastern
2012-13,2013-02-03,Carolina Hurricanes,0,Southeast,Eastern
2012-13,2013-02-05,Carolina Hurricanes,2,Southeast,Eastern
2012-13,2013-02-08,Carolina Hurricanes,2,Southeast,Eastern
2012-13,2013-02-09,Carolina Hurricanes,1,Southeast,Eastern
2012-13,2013-02-12,Carolina Hurricanes,2,Southeast,Eastern
2012-13,2013-02-13,Carolina Hurricanes,2,Southeast,Eastern
2012-13,2013-02-15,Carolina Hurricanes,2,Southeast,Eastern
2012-13,2013-02-19,Carolina Hurricanes,0,Southeast,Eastern
2012-13,2013-02-22,Carolina Hurricanes,0,Southeast,Eastern
2012-13,2013-02-24,Carolina Hurricanes,0,Southeast,Eastern
2012-13,2013-02-25,Carolina Hurricanes,2,Southeast,Eastern
2012-13,2013-02-27,Carolina Hurricanes,0,Southeast,Eastern
2012-13,2013-03-01,Carolina Hurricanes,2,Southeast,Eastern
2012-13,2013-03-03,Carolina Hurricanes,2,Southeast,Eastern
2012-13,2013-03-03,Carolina Hurricanes,2,Southeast,Eastern
2012-13,2013-03-06,Carolina Hurricanes,2,Southeast,Eastern
2012-13,2013-03-08,Carolina Hurricanes,0,Southeast,Eastern
2012-13,2013-03-10,Carolina Hurricanes,2,Southeast,Eastern
2012-13,2013-03-12,Carolina Hurricanes,2,Southeast,Eastern
2012-13,2013-03-14,Carolina Hurricanes,0,Southeast,Eastern
2012-13,2013-03-16,Carolina Hurricanes,0,Southeast,Eastern
2012-13,2013-03-18,Carolina Hurricanes,1,Southeast,Eastern
2012-13,2013-03-19,Carolina Hurricanes,0,Southeast,Eastern
2012-13,2013-03-21,Carolina Hurricanes,0,Southeast,Eastern
2012-13,2013-03-26,Carolina Hurricanes,0,Southeast,Eastern
2012-13,2013-03-28,Carolina Hurricanes,0,Southeast,Eastern
2012-13,2013-03-30,Carolina Hurricanes,2,Southeast,Eastern
2012-13,2013-04-01,Carolina Hurricanes,0,Southeast,Eastern
2012-13,2013-04-02,Carolina Hurricanes,0,Southeast,Eastern
2012-13,2013-04-04,Carolina Hurricanes,0,Southeast,Eastern
2012-13,2013-04-06,Carolina Hurricanes,0,Southeast,Eastern
2012-13,2013-04-08,Carolina Hurricanes,0,Southeast,Eastern
2012-13,2013-04-09,Carolina Hurricanes,0,Southeast,Eastern
2012-13,2013-04-11,Carolina Hurricanes,0,Southeast,Eastern
2012-13,2013-04-13,Carolina Hurricanes,2,Southeast,Eastern
2012-13,2013-04-16,Carolina Hurricanes,0,Southeast,Eastern
2012-13,2013-04-19,Carolina Hurricanes,1,Southeast,Eastern
2012-13,2013-04-20,Carolina Hurricanes,0,Southeast,Eastern
2012-13,2013-04-21,Carolina Hurricanes,2,Southeast,Eastern
2012-13,2013-04-23,Carolina Hurricanes,2,Southeast,Eastern
2012-13,2013-04-25,Carolina Hurricanes,1,Southeast,Eastern
2012-13,2013-04-27,Carolina Hurricanes,0,Southeast,Eastern
2012-13,2013-01-19,Chicago Blackhawks,2,Central,Western
2012-13,2013-01-21,Chicago Blackhawks,2,Central,Western
2012-13,2013-01-23,Chicago Blackhawks,2,Central,Western
2012-13,2013-01-25,Chicago Blackhawks,2,Central,Western
2012-13,2013-01-27,Chicago Blackhawks,2,Central,Western
2012-13,2013-01-28,Chicago Blackhawks,2,Central,Western
2012-13,2013-01-31,Chicago Blackhawks,1,Central,Western
2012-13,2013-02-02,Chicago Blackhawks,1,Central,Western
2012-13,2013-02-03,Chicago Blackhawks,2,Central,Western
2012-13,2013-02-06,Chicago Blackhawks,2,Central,Western
2012-13,2013-02-08,Chicago Blackhawks,2,Central,Western
2012-13,2013-02-11,Chicago Blackhawks,2,Central,Western
2012-13,2013-02-13,Chicago Blackhawks,1,Central,Western
2012-13,2013-02-16,Chicago Blackhawks,2,Central,Western
2012-13,2013-02-17,Chicago Blackhawks,2,Central,Western
2012-13,2013-02-20,Chicago Blackhawks,2,Central,Western
2012-13,2013-02-23,Chicago Blackhawks,2,Central,Western
2012-13,2013-02-25,Chicago Blackhawks,2,Central,Western
2012-13,2013-02-26,Chicago Blackhawks,2,Central,Western
2012-13,2013-03-01,Chicago Blackhawks,2,Central,Western
2012-13,2013-03-02,Chicago Blackhawks,2,Central,Western
2012-13,2013-03-03,Chicago Blackhawks,2,Central,Western
2012-13,2013-03-06,Chicago Blackhawks,2,Central,Western
2012-13,2013-03-07,Chicago Blackhawks,2,Central,Western
2012-13,2013-03-09,Chicago Blackhawks,0,Central,Western
2012-13,2013-03-10,Chicago Blackhawks,0,Central,Western
2012-13,2013-03-14,Chicago Blackhawks,2,Central,Western
2012-13,2013-03-17,Chicago Blackhawks,2,Central,Western
2012-13,2013-03-19,Chicago Blackhawks,2,Central,Western
2012-13,2013-03-21,Chicago Blackhawks,0,Central,Western
2012-13,2013-03-26,Chicago Blackhawks,0,Central,Western
2012-13,2013-03-27,Chicago Blackhawks,2,Central,Western
2012-13,2013-03-30,Chicago Blackhawks,0,Central,Western
2012-13,2013-03-31,Chicago Blackhawks,2,Central,Western
2012-13,2013-04-02,Chicago Blackhawks,2,Central,Western
2012-13,2013-04-05,Chicago Blackhawks,1,Central,Western
2012-13,2013-04-06,Chicago Blackhawks,2,Central,Western
2012-13,2013-04-07,Chicago Blackhawks,2,Central,Western
2012-13,2013-04-10,Chicago Blackhawks,2,Central,Western
2012-13,2013-04-13,Chicago Blackhawks,2,Central,Western
2012-13,2013-04-14,Chicago Blackhawks,2,Central,Western
2012-13,2013-04-16,Chicago Blackhawks,2,Central,Western
2012-13,2013-04-20,Chicago Blackhawks,2,Central,Western
2012-13,2013-04-21,Chicago Blackhawks,1,Central,Western
2012-13,2013-04-23,Chicago Blackhawks,0,Central,Western
2012-13,2013-04-25,Chicago Blackhawks,2,Central,Western
2012-13,2013-04-27,Chicago Blackhawks,2,Central,Western
2012-13,2013-04-28,Chicago Blackhawks,0,Central,Western
2012-13,2013-01-20,Colorado Avalanche,0,Northwest,Western
2012-13,2013-01-22,Colorado Avalanche,2,Northwest,Western
2012-13,2013-01-25,Colorado Avalanche,2,Northwest,Western
2012-13,2013-01-26,Colorado Avalanche,0,Northwest,Western
2012-13,2013-01-29,Colorado Avalanche,0,Northwest,Western
2012-13,2013-01-31,Colorado Avalanche,0,Northwest,Western
2012-13,2013-02-01,Colorado Avalanche,2,Northwest,Western
2012-13,2013-02-02,Colorado Avalanche,2,Northwest,Western
2012-13,2013-02-05,Colorado Avalanche,0,Northwest,Western
2012-13,2013-02-07,Colorado Avalanche,0,Northwest,Western
2012-13,2013-02-12,Colorado Avalanche,1,Northwest,Western
2012-13,2013-02-15,Colorado Avalanche,2,Northwest,Western
2012-13,2013-02-17,Colorado Avalanche,0,Northwest,Western
2012-13,2013-02-18,Colorado Avalanche,2,Northwest,Western
2012-13,2013-02-21,Colorado Avalanche,2,Northwest,Western
2012-13,2013-02-23,Colorado Avalanche,0,Northwest,Western
2012-13,2013-02-25,Colorado Avalanche,1,Northwest,Western
2012-13,2013-02-27,Colorado Avalanche,1,Northwest,Western
2012-13,2013-03-01,Colorado Avalanche,2,Northwest,Western
2012-13,2013-03-03,Colorado Avalanche,1,Northwest,Western
2012-13,2013-03-06,Colorado Avalanche,0,Northwest,Western
2012-13,2013-03-07,Colorado Avalanche,0,Northwest,Western
2012-13,2013-03-09,Colorado Avalanche,2,Northwest,Western
2012-13,2013-03-11,Colorado Avalanche,2,Northwest,Western
2012-13,2013-03-13,Colorado Avalanche,0,Northwest,Western
2012-13,2013-03-15,Colorado Avalanche,0,Northwest,Western
2012-13,2013-03-16,Colorado Avalanche,0,Northwest,Western
2012-13,2013-03-19,Colorado Avalanche,0,Northwest,Western
2012-13,2013-03-21,Colorado Avalanche,2,Northwest,Western
2012-13,2013-03-24,Colorado Avalanche,0,Northwest,Western
2012-13,2013-03-25,Colorado Avalanche,0,Northwest,Western
2012-13,2013-03-28,Colorado Avalanche,0,Northwest,Western
2012-13,2013-03-29,Colorado Avalanche,0,Northwest,Western
2012-13,2013-03-30,Colorado Avalanche,2,Northwest,Western
2012-13,2013-04-01,Colorado Avalanche,0,Northwest,Western
2012-13,2013-04-03,Colorado Avalanche,0,Northwest,Western
2012-13,2013-04-06,Colorado Avalanche,1,Northwest,Western
2012-13,2013-04-07,Colorado Avalanche,0,Northwest,Western
2012-13,2013-04-09,Colorado Avalanche,0,Northwest,Western
2012-13,2013-04-11,Colorado Avalanche,2,Northwest,Western
2012-13,2013-04-12,Colorado Avalanche,1,Northwest,Western
2012-13,2013-04-13,Colorado Avalanche,2,Northwest,Western
2012-13,2013-04-16,Colorado Avalanche,1,Northwest,Western
2012-13,2013-04-20,Colorado Avalanche,0,Northwest,Western
2012-13,2013-04-22,Colorado Avalanche,2,Northwest,Western
2012-13,2013-04-24,Colorado Avalanche,0,Northwest,Western
2012-13,2013-04-27,Colorado Avalanche,2,Northwest,Western
2012-13,2013-04-27,Colorado Avalanche,0,Northwest,Western
2012-13,2013-01-20,Columbus Blue Jackets,2,Central,Western
2012-13,2013-01-22,Columbus Blue Jackets,1,Central,Western
2012-13,2013-01-24,Columbus Blue Jackets,0,Central,Western
2012-13,2013-01-25,Columbus Blue Jackets,0,Central,Western
2012-13,2013-01-27,Columbus Blue Jackets,0,Central,Western
2012-13,2013-01-29,Columbus Blue Jackets,2,Central,Western
2012-13,2013-01-30,Columbus Blue Jackets,0,Central,Western
2012-13,2013-02-01,Columbus Blue Jackets,0,Central,Western
2012-13,2013-02-03,Columbus Blue Jackets,2,Central,Western
2012-13,2013-02-06,Columbus Blue Jackets,0,Central,Western
2012-13,2013-02-08,Columbus Blue Jackets,1,Central,Western
2012-13,2013-02-10,Columbus Blue Jackets,0,Central,Western
2012-13,2013-02-12,Columbus Blue Jackets,2,Central,Western
2012-13,2013-02-16,Columbus Blue Jackets,0,Central,Western
2012-13,2013-02-17,Columbus Blue Jackets,0,Central,Western
2012-13,2013-02-19,Columbus Blue Jackets,0,Central,Western
2012-13,2013-02-22,Columbus Blue Jackets,2,Central,Western
2012-13,2013-02-24,Columbus Blue Jackets,0,Central,Western
2012-13,2013-02-25,Columbus Blue Jackets,0,Central,Western
2012-13,2013-02-27,Columbus Blue Jackets,1,Central,Western
2012-13,2013-03-02,Columbus Blue Jackets,1,Central,Western
2012-13,2013-03-03,Columbus Blue Jackets,2,Central,Western
2012-13,2013-03-06,Columbus Blue Jackets,2,Central,Western
2012-13,2013-03-08,Columbus Blue Jackets,2,Central,Western
2012-13,2013-03-09,Columbus Blue Jackets,2,Central,Western
2012-13,2013-03-10,Columbus Blue Jackets,2,Central,Western
2012-13,2013-03-12,Columbus Blue Jackets,1,Central,Western
2012-13,2013-03-14,Columbus Blue Jackets,1,Central,Western
2012-13,2013-03-16,Columbus Blue Jackets,2,Central,Western
2012-13,2013-03-19,Columbus Blue Jackets,2,Central,Western
2012-13,2013-03-22,Columbus Blue Jackets,2,Central,Western
2012-13,2013-03-24,Columbus Blue Jackets,0,Central,Western
2012-13,2013-03-27,Columbus Blue Jackets,1,Central,Western
2012-13,2013-03-29,Columbus Blue Jackets,0,Central,Western
2012-13,2013-03-30,Columbus Blue Jackets,2,Central,Western
2012-13,2013-03-31,Columbus Blue Jackets,2,Central,Western
2012-13,2013-04-05,Columbus Blue Jackets,2,Central,Western
2012-13,2013-04-06,Columbus Blue Jackets,0,Central,Western
2012-13,2013-04-07,Columbus Blue Jackets,0,Central,Western
2012-13,2013-04-09,Columbus Blue Jackets,2,Central,Western
2012-13,2013-04-12,Columbus Blue Jackets,2,Central,Western
2012-13,2013-04-14,Columbus Blue Jackets,2,Central,Western
2012-13,2013-04-16,Columbus Blue Jackets,2,Central,Western
2012-13,2013-04-18,Columbus Blue Jackets,2,Central,Western
2012-13,2013-04-19,Columbus Blue Jackets,0,Central,Western
2012-13,2013-04-22,Columbus Blue Jackets,2,Central,Western
2012-13,2013-04-26,Columbus Blue Jackets,2,Central,Western
2012-13,2013-04-27,Columbus Blue Jackets,2,Central,Western
2012-13,2013-01-20,Dallas Stars,2,Pacific,Western
2012-13,2013-01-21,Dallas Stars,0,Pacific,Western
2012-13,2013-01-23,Dallas Stars,2,Pacific,Western
2012-13,2013-01-25,Dallas Stars,1,Pacific,Western
2012-13,2013-01-27,Dallas Stars,0,Pacific,Western
2012-13,2013-01-29,Dallas Stars,0,Pacific,Western
2012-13,2013-01-30,Dallas Stars,0,Pacific,Western
2012-13,2013-02-02,Dallas Stars,2,Pacific,Western
2012-13,2013-02-03,Dallas Stars,0,Pacific,Western
2012-13,2013-02-05,Dallas Stars,2,Pacific,Western
2012-13,2013-02-07,Dallas Stars,2,Pacific,Western
2012-13,2013-02-09,Dallas Stars,2,Pacific,Western
2012-13,2013-02-13,Dallas Stars,2,Pacific,Western
2012-13,2013-02-14,Dallas Stars,0,Pacific,Western
2012-13,2013-02-16,Dallas Stars,2,Pacific,Western
2012-13,2013-02-17,Dallas Stars,0,Pacific,Western
2012-13,2013-02-22,Dallas Stars,0,Pacific,Western
2012-13,2013-02-24,Dallas Stars,2,Pacific,Western
2012-13,2013-02-26,Dallas Stars,1,Pacific,Western
2012-13,2013-02-27,Dallas Stars,2,Pacific,Western
2012-13,2013-03-01,Dallas Stars,0,Pacific,Western
2012-13,2013-03-03,Dallas Stars,2,Pacific,Western
2012-13,2013-03-08,Dallas Stars,2,Pacific,Western
2012-13,2013-03-10,Dallas Stars,0,Pacific,Western
2012-13,2013-03-13,Dallas Stars,0,Pacific,Western
2012-13,2013-03-15,Dallas Stars,1,Pacific,Western
2012-13,2013-03-17,Dallas Stars,0,Pacific,Western
2012-13,2013-03-19,Dallas Stars,2,Pacific,Western
2012-13,2013-03-21,Dallas Stars,0,Pacific,Western
2012-13,2013-03-22,Dallas Stars,2,Pacific,Western
2012-13,2013-03-24,Dallas Stars,2,Pacific,Western
2012-13,2013-03-26,Dallas Stars,0,Pacific,Western
2012-13,2013-03-30,Dallas Stars,2,Pacific,Western
2012-13,2013-03-31,Dallas Stars,0,Pacific,Western
2012-13,2013-04-02,Dallas Stars,0,Pacific,Western
2012-13,2013-04-04,Dallas Stars,0,Pacific,Western
2012-13,2013-04-06,Dallas Stars,2,Pacific,Western
2012-13,2013-04-07,Dallas Stars,2,Pacific,Western
2012-13,2013-04-10,Dallas Stars,2,Pacific,Western
2012-13,2013-04-13,Dallas Stars,2,Pacific,Western
2012-13,2013-04-14,Dallas Stars,2,Pacific,Western
2012-13,2013-04-16,Dallas Stars,0,Pacific,Western
2012-13,2013-04-19,Dallas Stars,2,Pacific,Western
2012-13,2013-04-20,Dallas Stars,0,Pacific,Western
2012-13,2013-04-22,Dallas Stars,1,Pacific,Western
2012-13,2013-04-24,Dallas Stars,0,Pacific,Western
2012-13,2013-04-26,Dallas Stars,0,Pacific,Western
2012-13,2013-04-27,Dallas Stars,0,Pacific,Western
2012-13,2013-01-20,Detroit Red Wings,0,Central,Western
2012-13,2013-01-22,Detroit Red Wings,2,Central,Western
2012-13,2013-01-23,Detroit Red Wings,0,Central,Western
2012-13,2013-01-26,Detroit Red Wings,2,Central,Western
2012-13,2013-01-28,Detroit Red Wings,1,Central,Western
2012-13,2013-01-30,Detroit Red Wings,2,Central,Western
2012-13,2013-02-02,Detroit Red Wings,2,Central,Western
2012-13,2013-02-03,Detroit Red Wings,0,Central,Western
2012-13,2013-02-06,Detroit Red Wings,0,Central,Western
2012-13,2013-02-08,Detroit Red Wings,2,Central,Western
2012-13,2013-02-09,Detroit Red Wings,2,Central,Western
2012-13,2013-02-10,Detroit Red Wings,2,Central,Western
2012-13,2013-02-14,Detroit Red Wings,1,Central,Western
2012-13,2013-02-16,Detroit Red Wings,0,Central,Western
2012-13,2013-02-17,Detroit Red Wings,0,Central,Western
2012-13,2013-02-20,Detroit Red Wings,1,Central,Western
2012-13,2013-02-22,Detroit Red Wings,0,Central,Western
2012-13,2013-02-24,Detroit Red Wings,2,Central,Western
2012-13,2013-02-24,Detroit Red Wings,2,Central,Western
2012-13,2013-02-28,Detroit Red Wings,0,Central,Western
2012-13,2013-03-01,Detroit Red Wings,2,Central,Western
2012-13,2013-03-03,Detroit Red Wings,1,Central,Western
2012-13,2013-03-06,Detroit Red Wings,2,Central,Western
2012-13,2013-03-08,Detroit Red Wings,2,Central,Western
2012-13,2013-03-09,Detroit Red Wings,0,Central,Western
2012-13,2013-03-10,Detroit Red Wings,1,Central,Western
2012-13,2013-03-14,Detroit Red Wings,0,Central,Western
2012-13,2013-03-16,Detroit Red Wings,2,Central,Western
2012-13,2013-03-17,Detroit Red Wings,2,Central,Western
2012-13,2013-03-20,Detroit Red Wings,0,Central,Western
2012-13,2013-03-23,Detroit Red Wings,2,Central,Western
2012-13,2013-03-25,Detroit Red Wings,2,Central,Western
2012-13,2013-03-26,Detroit Red Wings,2,Central,Western
2012-13,2013-03-29,Detroit Red Wings,0,Central,Western
2012-13,2013-03-31,Detroit Red Wings,0,Central,Western
2012-13,2013-04-01,Detroit Red Wings,2,Central,Western
2012-13,2013-04-05,Detroit Red Wings,0,Central,Western
2012-13,2013-04-06,Detroit Red Wings,2,Central,Western
2012-13,2013-04-07,Detroit Red Wings,0,Central,Western
2012-13,2013-04-11,Detroit Red Wings,1,Central,Western
2012-13,2013-04-13,Detroit Red Wings,1,Central,Western
2012-13,2013-04-14,Detroit Red Wings,2,Central,Western
2012-13,2013-04-18,Detroit Red Wings,0,Central,Western
2012-13,2013-04-21,Detroit Red Wings,1,Central,Western
2012-13,2013-04-22,Detroit Red Wings,2,Central,Western
2012-13,2013-04-24,Detroit Red Wings,2,Central,Western
2012-13,2013-04-25,Detroit Red Wings,2,Central,Western
2012-13,2013-04-27,Detroit Red Wings,2,Central,Western
2012-13,2013-01-21,Edmonton Oilers,2,Northwest,Western
2012-13,2013-01-23,Edmonton Oilers,0,Northwest,Western
2012-13,2013-01-25,Edmonton Oilers,2,Northwest,Western
2012-13,2013-01-27,Edmonton Oilers,0,Northwest,Western
2012-13,2013-01-29,Edmonton Oilers,2,Northwest,Western
2012-13,2013-01-31,Edmonton Oilers,2,Northwest,Western
2012-13,2013-02-01,Edmonton Oilers,1,Northwest,Western
2012-13,2013-02-02,Edmonton Oilers,0,Northwest,Western
2012-13,2013-02-05,Edmonton Oilers,1,Northwest,Western
2012-13,2013-02-07,Edmonton Oilers,1,Northwest,Western
2012-13,2013-02-09,Edmonton Oilers,0,Northwest,Western
2012-13,2013-02-10,Edmonton Oilers,2,Northwest,Western
2012-13,2013-02-13,Edmonton Oilers,0,Northwest,Western
2012-13,2013-02-17,Edmonton Oilers,2,Northwest,Western
2012-13,2013-02-20,Edmonton Oilers,0,Northwest,Western
2012-13,2013-02-22,Edmonton Oilers,0,Northwest,Western
2012-13,2013-02-23,Edmonton Oilers,2,Northwest,Western
2012-13,2013-02-26,Edmonton Oilers,1,Northwest,Western
2012-13,2013-03-01,Edmonton Oilers,2,Northwest,Western
2012-13,2013-03-02,Edmonton Oilers,0,Northwest,Western
2012-13,2013-03-04,Edmonton Oilers,0,Northwest,Western
2012-13,2013-03-06,Edmonton Oilers,1,Northwest,Western
2012-13,2013-03-08,Edmonton Oilers,0,Northwest,Western
2012-13,2013-03-09,Edmonton Oilers,0,Northwest,Western
2012-13,2013-03-10,Edmonton Oilers,2,Northwest,Western
2012-13,2013-03-13,Edmonton Oilers,2,Northwest,Western
2012-13,2013-03-16,Edmonton Oilers,1,Northwest,Western
2012-13,2013-03-18,Edmonton Oilers,2,Northwest,Western
2012-13,2013-03-21,Edmonton Oilers,1,Northwest,Western
2012-13,2013-03-24,Edmonton Oilers,0,Northwest,Western
2012-13,2013-03-26,Edmonton Oilers,0,Northwest,Western
2012-13,2013-03-27,Edmonton Oilers,2,Northwest,Western
2012-13,2013-03-29,Edmonton Oilers,2,Northwest,Western
2012-13,2013-03-31,Edmonton Oilers,2,Northwest,Western
2012-13,2013-04-02,Edmonton Oilers,2,Northwest,Western
2012-13,2013-04-04,Edmonton Oilers,2,Northwest,Western
2012-13,2013-04-05,Edmonton Oilers,0,Northwest,Western
2012-13,2013-04-06,Edmonton Oilers,0,Northwest,Western
2012-13,2013-04-09,Edmonton Oilers,0,Northwest,Western
2012-13,2013-04-11,Edmonton Oilers,0,Northwest,Western
2012-13,2013-04-14,Edmonton Oilers,0,Northwest,Western
2012-13,2013-04-17,Edmonton Oilers,0,Northwest,Western
2012-13,2013-04-20,Edmonton Oilers,2,Northwest,Western
2012-13,2013-04-22,Edmonton Oilers,0,Northwest,Western
2012-13,2013-04-23,Edmonton Oilers,0,Northwest,Western
2012-13,2013-04-25,Edmonton Oilers,0,Northwest,Western
2012-13,2013-04-27,Edmonton Oilers,2,Northwest,Western
2012-13,2013-04-28,Edmonton Oilers,2,Northwest,Western
2012-13,2013-01-20,Florida Panthers,2,Southeast,Eastern
2012-13,2013-01-22,Florida Panthers,0,Southeast,Eastern
2012-13,2013-01-23,Florida Panthers,0,Southeast,Eastern
2012-13,2013-01-25,Florida Panthers,0,Southeast,Eastern
2012-13,2013-01-27,Florida Panthers,0,Southeast,Eastern
2012-13,2013-01-30,Florida Panthers,0,Southeast,Eastern
2012-13,2013-02-01,Florida Panthers,2,Southeast,Eastern
2012-13,2013-02-03,Florida Panthers,2,Southeast,Eastern
2012-13,2013-02-06,Florida Panthers,1,Southeast,Eastern
2012-13,2013-02-08,Florida Panthers,2,Southeast,Eastern
2012-13,2013-02-10,Florida Panthers,0,Southeast,Eastern
2012-13,2013-02-13,Florida Panthers,1,Southeast,Eastern
2012-13,2013-02-15,Florida Panthers,1,Southeast,Eastern
2012-13,2013-02-16,Florida Panthers,1,Southeast,Eastern
2012-13,2013-02-19,Florida Panthers,0,Southeast,Eastern
2012-13,2013-02-22,Florida Panthers,2,Southeast,Eastern
2012-13,2013-02-23,Florida Panthers,0,Southeast,Eastern
2012-13,2013-02-24,Florida Panthers,0,Southeast,Eastern
2012-13,2013-02-27,Florida Panthers,2,Southeast,Eastern
2012-13,2013-03-01,Florida Panthers,1,Southeast,Eastern
2012-13,2013-03-03,Florida Panthers,0,Southeast,Eastern
2012-13,2013-03-03,Florida Panthers,0,Southeast,Eastern
2012-13,2013-03-06,Florida Panthers,2,Southeast,Eastern
2012-13,2013-03-08,Florida Panthers,0,Southeast,Eastern
2012-13,2013-03-09,Florida Panthers,1,Southeast,Eastern
2012-13,2013-03-10,Florida Panthers,0,Southeast,Eastern
2012-13,2013-03-12,Florida Panthers,0,Southeast,Eastern
2012-13,2013-03-14,Florida Panthers,0,Southeast,Eastern
2012-13,2013-03-16,Florida Panthers,0,Southeast,Eastern
2012-13,2013-03-19,Florida Panthers,2,Southeast,Eastern
2012-13,2013-03-21,Florida Panthers,2,Southeast,Eastern
2012-13,2013-03-23,Florida Panthers,0,Southeast,Eastern
2012-13,2013-03-24,Florida Panthers,0,Southeast,Eastern
2012-13,2013-03-26,Florida Panthers,0,Southeast,Eastern
2012-13,2013-03-28,Florida Panthers,2,Southeast,Eastern
2012-13,2013-03-30,Florida Panthers,2,Southeast,Eastern
2012-13,2013-04-02,Florida Panthers,2,Southeast,Eastern
2012-13,2013-04-06,Florida Panthers,0,Southeast,Eastern
2012-13,2013-04-07,Florida Panthers,2,Southeast,Eastern
2012-13,2013-04-12,Florida Panthers,0,Southeast,Eastern
2012-13,2013-04-13,Florida Panthers,0,Southeast,Eastern
2012-13,2013-04-16,Florida Panthers,0,Southeast,Eastern
2012-13,2013-04-18,Florida Panthers,0,Southeast,Eastern
2012-13,2013-04-20,Florida Panthers,0,Southeast,Eastern
2012-13,2013-04-21,Florida Panthers,0,Southeast,Eastern
2012-13,2013-04-23,Florida Panthers,2,Southeast,Eastern
2012-13,2013-04-25,Florida Panthers,0,Southeast,Eastern
2012-13,2013-04-27,Florida Panthers,2,Southeast,Eastern
2012-13,2013-01-19,Los Angeles Kings,0,Pacific,Western
2012-13,2013-01-22,Los Angeles Kings,0,Pacific,Western
2012-13,2013-01-25,Los Angeles Kings,1,Pacific,Western
2012-13,2013-01-27,Los Angeles Kings,2,Pacific,Western
2012-13,2013-01-29,Los Angeles Kings,2,Pacific,Western
2012-13,2013-02-01,Los Angeles Kings,1,Pacific,Western
2012-13,2013-02-03,Los Angeles Kings,0,Pacific,Western
2012-13,2013-02-06,Los Angeles Kings,2,Pacific,Western
2012-13,2013-02-08,Los Angeles Kings,0,Pacific,Western
2012-13,2013-02-10,Los Angeles Kings,0,Pacific,Western
2012-13,2013-02-12,Los Angeles Kings,2,Pacific,Western
2012-13,2013-02-16,Los Angeles Kings,2,Pacific,Western
2012-13,2013-02-17,Los Angeles Kings,0,Pacific,Western
2012-13,2013-02-20,Los Angeles Kings,2,Pacific,Western
2012-13,2013-02-21,Los Angeles Kings,2,Pacific,Western
2012-13,2013-02-23,Los Angeles Kings,2,Pacific,Western
2012-13,2013-02-26,Los Angeles Kings,2,Pacific,Western
2012-13,2013-02-28,Los Angeles Kings,2,Pacific,Western
2012-13,2013-03-03,Los Angeles Kings,0,Pacific,Western
2012-13,2013-03-05,Los Angeles Kings,2,Pacific,Western
2012-13,2013-03-06,Los Angeles Kings,2,Pacific,Western
2012-13,2013-03-08,Los Angeles Kings,0,Pacific,Western
2012-13,2013-03-10,Los Angeles Kings,2,Pacific,Western
2012-13,2013-03-12,Los Angeles Kings,2,Pacific,Western
2012-13,2013-03-13,Los Angeles Kings,0,Pacific,Western
2012-13,2013-03-15,Los Angeles Kings,0,Pacific,Western
2012-13,2013-03-17,Los Angeles Kings,2,Pacific,Western
2012-13,2013-03-19,Los Angeles Kings,2,Pacific,Western
2012-13,2013-03-20,Los Angeles Kings,2,Pacific,Western
2012-13,2013-03-22,Los Angeles Kings,0,Pacific,Western
2012-13,2013-03-23,Los Angeles Kings,0,Pacific,Western
2012-13,2013-03-26,Los Angeles Kings,2,Pacific,Western
2012-13,2013-03-29,Los Angeles Kings,2,Pacific,Western
2012-13,2013-03-31,Los Angeles Kings,2,Pacific,Western
2012-13,2013-03-31,Los Angeles Kings,1,Pacific,Western
2012-13,2013-04-03,Los Angeles Kings,0,Pacific,Western
2012-13,2013-04-05,Los Angeles Kings,2,Pacific,Western
2012-13,2013-04-06,Los Angeles Kings,2,Pacific,Western
2012-13,2013-04-08,Los Angeles Kings,1,Pacific,Western
2012-13,2013-04-10,Los Angeles Kings,0,Pacific,Western
2012-13,2013-04-12,Los Angeles Kings,2,Pacific,Western
2012-13,2013-04-14,Los Angeles Kings,2,Pacific,Western
2012-13,2013-04-17,Los Angeles Kings,1,Pacific,Western
2012-13,2013-04-19,Los Angeles Kings,2,Pacific,Western
2012-13,2013-04-22,Los Angeles Kings,2,Pacific,Western
2012-13,2013-04-24,Los Angeles Kings,0,Pacific,Western
2012-13,2013-04-24,Los Angeles Kings,0,Pacific,Western
2012-13,2013-04-28,Los Angeles Kings,2,Pacific,Western
2012-13,2013-01-20,Minnesota Wild,2,Northwest,Western
2012-13,2013-01-21,Minnesota Wild,2,Northwest,Western
2012-13,2013-01-23,Minnesota Wild,0,Northwest,Western
2012-13,2013-01-26,Minnesota Wild,0,Northwest,Western
2012-13,2013-01-28,Minnesota Wild,1,Northwest,Western
2012-13,2013-01-30,Minnesota Wild,2,Northwest,Western
2012-13,2013-01-31,Minnesota Wild,2,Northwest,Western
2012-13,2013-02-02,Minnesota Wild,0,Northwest,Western
2012-13,2013-02-05,Minnesota Wild,0,Northwest,Western
2012-13,2013-02-08,Minnesota Wild,0,Northwest,Western
2012-13,2013-02-10,Minnesota Wild,2,Northwest,Western
2012-13,2013-02-12,Minnesota Wild,2,Northwest,Western
2012-13,2013-02-13,Minnesota Wild,0,Northwest,Western
2012-13,2013-02-15,Minnesota Wild,1,Northwest,Western
2012-13,2013-02-17,Minnesota Wild,2,Northwest,Western
2012-13,2013-02-22,Minnesota Wild,2,Northwest,Western
2012-13,2013-02-24,Minnesota Wild,0,Northwest,Western
2012-13,2013-02-27,Minnesota Wild,2,Northwest,Western
2012-13,2013-03-01,Minnesota Wild,2,Northwest,Western
2012-13,2013-03-02,Minnesota Wild,0,Northwest,Western
2012-13,2013-03-04,Minnesota Wild,2,Northwest,Western
2012-13,2013-03-06,Minnesota Wild,0,Northwest,Western
2012-13,2013-03-10,Minnesota Wild,2,Northwest,Western
2012-13,2013-03-11,Minnesota Wild,2,Northwest,Western
2012-13,2013-03-13,Minnesota Wild,0,Northwest,Western
2012-13,2013-03-15,Minnesota Wild,2,Northwest,Western
2012-13,2013-03-16,Minnesota Wild,2,Northwest,Western
2012-13,2013-03-19,Minnesota Wild,2,Northwest,Western
2012-13,2013-03-20,Minnesota Wild,2,Northwest,Western
2012-13,2013-03-23,Minnesota Wild,2,Northwest,Western
2012-13,2013-03-26,Minnesota Wild,2,Northwest,Western
2012-13,2013-03-28,Minnesota Wild,2,Northwest,Western
2012-13,2013-03-30,Minnesota Wild,0,Northwest,Western
2012-13,2013-03-31,Minnesota Wild,2,Northwest,Western
2012-13,2013-04-02,Minnesota Wild,0,Northwest,Western
2012-13,2013-04-04,Minnesota Wild,0,Northwest,Western
2012-13,2013-04-05,Minnesota Wild,0,Northwest,Western
2012-13,2013-04-07,Minnesota Wild,2,Northwest,Western
2012-13,2013-04-10,Minnesota Wild,0,Northwest,Western
2012-13,2013-04-12,Minnesota Wild,0,Northwest,Western
2012-13,2013-04-14,Minnesota Wild,1,Northwest,Western
2012-13,2013-04-16,Minnesota Wild,2,Northwest,Western
2012-13,2013-04-17,Minnesota Wild,2,Northwest,Western
2012-13,2013-04-19,Minnesota Wild,0,Northwest,Western
2012-13,2013-04-21,Minnesota Wild,0,Northwest,Western
2012-13,2013-04-24,Minnesota Wild,2,Northwest,Western
2012-13,2013-04-27,Minnesota Wild,0,Northwest,Western
2012-13,2013-04-27,Minnesota Wild,2,Northwest,Western
2012-13,2013-01-20,Montréal Canadiens,0,Northeast,Eastern
2012-13,2013-01-23,Montréal Canadiens,2,Northeast,Eastern
2012-13,2013-01-25,Montréal Canadiens,2,Northeast,Eastern
2012-13,2013-01-27,Montréal Canadiens,2,Northeast,Eastern
2012-13,2013-01-30,Montréal Canadiens,2,Northeast,Eastern
2012-13,2013-01-31,Montréal Canadiens,0,Northeast,Eastern
2012-13,2013-02-02,Montréal Canadiens,2,Northeast,Eastern
2012-13,2013-02-03,Montréal Canadiens,2,Northeast,Eastern
2012-13,2013-02-07,Montréal Canadiens,0,Northeast,Eastern
2012-13,2013-02-08,Montréal Canadiens,1,Northeast,Eastern
2012-13,2013-02-10,Montréal Canadiens,0,Northeast,Eastern
2012-13,2013-02-13,Montréal Canadiens,2,Northeast,Eastern
2012-13,2013-02-15,Montréal Canadiens,2,Northeast,Eastern
2012-13,2013-02-17,Montréal Canadiens,2,Northeast,Eastern
2012-13,2013-02-19,Montréal Canadiens,2,Northeast,Eastern
2012-13,2013-02-20,Montréal Canadiens,2,Northeast,Eastern
2012-13,2013-02-22,Montréal Canadiens,1,Northeast,Eastern
2012-13,2013-02-24,Montréal Canadiens,2,Northeast,Eastern
2012-13,2013-02-26,Montréal Canadiens,1,Northeast,Eastern
2012-13,2013-02-28,Montréal Canadiens,2,Northeast,Eastern
2012-13,2013-03-03,Montréal Canadiens,1,Northeast,Eastern
2012-13,2013-03-04,Montréal Canadiens,2,Northeast,Eastern
2012-13,2013-03-06,Montréal Canadiens,0,Northeast,Eastern
2012-13,2013-03-08,Montréal Canadiens,2,Northeast,Eastern
2012-13,2013-03-10,Montréal Canadiens,2,Northeast,Eastern
2012-13,2013-03-10,Montréal Canadiens,2,Northeast,Eastern
2012-13,2013-03-13,Montréal Canadiens,2,Northeast,Eastern
2012-13,2013-03-16,Montréal Canadiens,2,Northeast,Eastern
2012-13,2013-03-19,Montréal Canadiens,1,Northeast,Eastern
2012-13,2013-03-21,Montréal Canadiens,2,Northeast,Eastern
2012-13,2013-03-23,Montréal Canadiens,0,Northeast,Eastern
2012-13,2013-03-26,Montréal Canadiens,0,Northeast,Eastern
2012-13,2013-03-27,Montréal Canadiens,2,Northeast,Eastern
2012-13,2013-03-30,Montréal Canadiens,2,Northeast,Eastern
2012-13,2013-04-01,Montréal Canadiens,2,Northeast,Eastern
2012-13,2013-04-03,Montréal Canadiens,0,Northeast,Eastern
2012-13,2013-04-04,Montréal Canadiens,2,Northeast,Eastern
2012-13,2013-04-06,Montréal Canadiens,2,Northeast,Eastern
2012-13,2013-04-09,Montréal Canadiens,0,Northeast,Eastern
2012-13,2013-04-11,Montréal Canadiens,2,Northeast,Eastern
2012-13,2013-04-13,Montréal Canadiens,0,Northeast,Eastern
2012-13,2013-04-15,Montréal Canadiens,0,Northeast,Eastern
2012-13,2013-04-17,Montréal Canadiens,0,Northeast,Eastern
2012-13,2013-04-18,Montréal Canadiens,2,Northeast,Eastern
2012-13,2013-04-20,Montréal Canadiens,0,Northeast,Eastern
2012-13,2013-04-23,Montréal Canadiens,0,Northeast,Eastern
2012-13,2013-04-26,Montréal Canadiens,2,Northeast,Eastern
2012-13,2013-04-27,Montréal Canadiens,2,Northeast,Eastern
2012-13,2013-01-20,Nashville Predators,1,Central,Western
2012-13,2013-01-21,Nashville Predators,1,Central,Western
2012-13,2013-01-23,Nashville Predators,2,Central,Western
2012-13,2013-01-25,Nashville Predators,0,Central,Western
2012-13,2013-01-27,Nashville Predators,1,Central,Western
2012-13,2013-01-29,Nashville Predators,0,Central,Western
2012-13,2013-02-01,Nashville Predators,2,Central,Western
2012-13,2013-02-03,Nashville Predators,2,Central,Western
2012-13,2013-02-06,Nashville Predators,2,Central,Western
2012-13,2013-02-08,Nashville Predators,2,Central,Western
2012-13,2013-02-10,Nashville Predators,1,Central,Western
2012-13,2013-02-11,Nashville Predators,0,Central,Western
2012-13,2013-02-13,Nashville Predators,2,Central,Western
2012-13,2013-02-15,Nashville Predators,2,Central,Western
2012-13,2013-02-17,Nashville Predators,1,Central,Western
2012-13,2013-02-18,Nashville Predators,0,Central,Western
2012-13,2013-02-20,Nashville Predators,2,Central,Western
2012-13,2013-02-23,Nashville Predators,0,Central,Western
2012-13,2013-02-24,Nashville Predators,0,Central,Western
2012-13,2013-02-26,Nashville Predators,2,Central,Western
2012-13,2013-02-28,Nashville Predators,0,Central,Western
2012-13,2013-03-03,Nashville Predators,0,Central,Western
2012-13,2013-03-05,Nashville Predators,0,Central,Western
2012-13,2013-03-09,Nashville Predators,2,Central,Western
2012-13,2013-03-10,Nashville Predators,1,Central,Western
2012-13,2013-03-13,Nashville Predators,2,Central,Western
2012-13,2013-03-15,Nashville Predators,0,Central,Western
2012-13,2013-03-16,Nashville Predators,0,Central,Western
2012-13,2013-03-18,Nashville Predators,0,Central,Western
2012-13,2013-03-19,Nashville Predators,0,Central,Western
2012-13,2013-03-22,Nashville Predators,2,Central,Western
2012-13,2013-03-24,Nashville Predators,2,Central,Western
2012-13,2013-03-26,Nashville Predators,2,Central,Western
2012-13,2013-03-29,Nashville Predators,0,Central,Western
2012-13,2013-03-30,Nashville Predators,1,Central,Western
2012-13,2013-04-02,Nashville Predators,1,Central,Western
2012-13,2013-04-03,Nashville Predators,2,Central,Western
2012-13,2013-04-05,Nashville Predators,0,Central,Western
2012-13,2013-04-06,Nashville Predators,0,Central,Western
2012-13,2013-04-07,Nashville Predators,0,Central,Western
2012-13,2013-04-10,Nashville Predators,0,Central,Western
2012-13,2013-04-13,Nashville Predators,0,Central,Western
2012-13,2013-04-14,Nashville Predators,0,Central,Western
2012-13,2013-04-16,Nashville Predators,0,Central,Western
2012-13,2013-04-20,Nashville Predators,1,Central,Western
2012-13,2013-04-24,Nashville Predators,2,Central,Western
2012-13,2013-04-25,Nashville Predators,0,Central,Western
2012-13,2013-04-27,Nashville Predators,0,Central,Western
2012-13,2013-01-20,New Jersey Devils,2,Atlantic,Eastern
2012-13,2013-01-23,New Jersey Devils,2,Atlantic,Eastern
2012-13,2013-01-26,New Jersey Devils,2,Atlantic,Eastern
2012-13,2013-01-27,New Jersey Devils,1,Atlantic,Eastern
2012-13,2013-01-30,New Jersey Devils,1,Atlantic,Eastern
2012-13,2013-02-01,New Jersey Devils,1,Atlantic,Eastern
2012-13,2013-02-02,New Jersey Devils,0,Atlantic,Eastern
2012-13,2013-02-03,New Jersey Devils,2,Atlantic,Eastern
2012-13,2013-02-06,New Jersey Devils,2,Atlantic,Eastern
2012-13,2013-02-08,New Jersey Devils,2,Atlantic,Eastern
2012-13,2013-02-09,New Jersey Devils,2,Atlantic,Eastern
2012-13,2013-02-11,New Jersey Devils,2,Atlantic,Eastern
2012-13,2013-02-13,New Jersey Devils,0,Atlantic,Eastern
2012-13,2013-02-16,New Jersey Devils,2,Atlantic,Eastern
2012-13,2013-02-17,New Jersey Devils,0,Atlantic,Eastern
2012-13,2013-02-18,New Jersey Devils,1,Atlantic,Eastern
2012-13,2013-02-22,New Jersey Devils,2,Atlantic,Eastern
2012-13,2013-02-23,New Jersey Devils,0,Atlantic,Eastern
2012-13,2013-02-24,New Jersey Devils,0,Atlantic,Eastern
2012-13,2013-03-01,New Jersey Devils,0,Atlantic,Eastern
2012-13,2013-03-02,New Jersey Devils,1,Atlantic,Eastern
2012-13,2013-03-05,New Jersey Devils,0,Atlantic,Eastern
2012-13,2013-03-06,New Jersey Devils,0,Atlantic,Eastern
2012-13,2013-03-08,New Jersey Devils,2,Atlantic,Eastern
2012-13,2013-03-10,New Jersey Devils,2,Atlantic,Eastern
2012-13,2013-03-10,New Jersey Devils,0,Atlantic,Eastern
2012-13,2013-03-13,New Jersey Devils,2,Atlantic,Eastern
2012-13,2013-03-15,New Jersey Devils,1,Atlantic,Eastern
2012-13,2013-03-16,New Jersey Devils,0,Atlantic,Eastern
2012-13,2013-03-19,New Jersey Devils,0,Atlantic,Eastern
2012-13,2013-03-21,New Jersey Devils,2,Atlantic,Eastern
2012-13,2013-03-23,New Jersey Devils,2,Atlantic,Eastern
2012-13,2013-03-25,New Jersey Devils,1,Atlantic,Eastern
2012-13,2013-03-29,New Jersey Devils,1,Atlantic,Eastern
2012-13,2013-03-30,New Jersey Devils,1,Atlantic,Eastern
2012-13,2013-04-01,New Jersey Devils,0,Atlantic,Eastern
2012-13,2013-04-04,New Jersey Devils,0,Atlantic,Eastern
2012-13,2013-04-06,New Jersey Devils,0,Atlantic,Eastern
2012-13,2013-04-07,New Jersey Devils,1,Atlantic,Eastern
2012-13,2013-04-10,New Jersey Devils,0,Atlantic,Eastern
2012-13,2013-04-12,New Jersey Devils,0,Atlantic,Eastern
2012-13,2013-04-15,New Jersey Devils,0,Atlantic,Eastern
2012-13,2013-04-18,New Jersey Devils,2,Atlantic,Eastern
2012-13,2013-04-20,New Jersey Devils,2,Atlantic,Eastern
2012-13,2013-04-21,New Jersey Devils,0,Atlantic,Eastern
2012-13,2013-04-23,New Jersey Devils,2,Atlantic,Eastern
2012-13,2013-04-25,New Jersey Devils,2,Atlantic,Eastern
2012-13,2013-04-27,New Jersey Devils,0,Atlantic,Eastern
2012-13,2013-01-20,New York Islanders,0,Atlantic,Eastern
2012-13,2013-01-21,New York Islanders,2,Atlantic,Eastern
2012-13,2013-01-25,New York Islanders,2,Atlantic,Eastern
2012-13,2013-01-26,New York Islanders,0,Atlantic,Eastern
2012-13,2013-01-28,New York Islanders,1,Atlantic,Eastern
2012-13,2013-01-30,New York Islanders,2,Atlantic,Eastern
2012-13,2013-02-01,New York Islanders,2,Atlantic,Eastern
2012-13,2013-02-03,New York Islanders,0,Atlantic,Eastern
2012-13,2013-02-06,New York Islanders,0,Atlantic,Eastern
2012-13,2013-02-08,New York Islanders,0,Atlantic,Eastern
2012-13,2013-02-10,New York Islanders,0,Atlantic,Eastern
2012-13,2013-02-12,New York Islanders,0,Atlantic,Eastern
2012-13,2013-02-15,New York Islanders,2,Atlantic,Eastern
2012-13,2013-02-17,New York Islanders,2,Atlantic,Eastern
2012-13,2013-02-18,New York Islanders,0,Atlantic,Eastern
2012-13,2013-02-20,New York Islanders,0,Atlantic,Eastern
2012-13,2013-02-22,New York Islanders,2,Atlantic,Eastern
2012-13,2013-02-24,New York Islanders,2,Atlantic,Eastern
2012-13,2013-02-25,New York Islanders,0,Atlantic,Eastern
2012-13,2013-02-27,New York Islanders,0,Atlantic,Eastern
2012-13,2013-03-01,New York Islanders,1,Atlantic,Eastern
2012-13,2013-03-03,New York Islanders,2,Atlantic,Eastern
2012-13,2013-03-06,New York Islanders,2,Atlantic,Eastern
2012-13,2013-03-08,New York Islanders,1,Atlantic,Eastern
2012-13,2013-03-09,New York Islanders,2,Atlantic,Eastern
2012-13,2013-03-10,New York Islanders,0,Atlantic,Eastern
2012-13,2013-03-14,New York Islanders,2,Atlantic,Eastern
2012-13,2013-03-16,New York Islanders,2,Atlantic,Eastern
2012-13,2013-03-19,New York Islanders,0,Atlantic,Eastern
2012-13,2013-03-21,New York Islanders,0,Atlantic,Eastern
2012-13,2013-03-22,New York Islanders,0,Atlantic,Eastern
2012-13,2013-03-24,New York Islanders,2,Atlantic,Eastern
2012-13,2013-03-26,New York Islanders,2,Atlantic,Eastern
2012-13,2013-03-28,New York Islanders,2,Atlantic,Eastern
2012-13,2013-03-30,New York Islanders,0,Atlantic,Eastern
2012-13,2013-04-01,New York Islanders,2,Atlantic,Eastern
2012-13,2013-04-02,New York Islanders,2,Atlantic,Eastern
2012-13,2013-04-04,New York Islanders,1,Atlantic,Eastern
2012-13,2013-04-06,New York Islanders,2,Atlantic,Eastern
2012-13,2013-04-09,New York Islanders,2,Atlantic,Eastern
2012-13,2013-04-11,New York Islanders,2,Atlantic,Eastern
2012-13,2013-04-13,New York Islanders,1,Atlantic,Eastern
2012-13,2013-04-16,New York Islanders,2,Atlantic,Eastern
2012-13,2013-04-18,New York Islanders,2,Atlantic,Eastern
2012-13,2013-04-20,New York Islanders,2,Atlantic,Eastern
2012-13,2013-04-23,New York Islanders,1,Atlantic,Eastern
2012-13,2013-04-25,New York Islanders,0,Atlantic,Eastern
2012-13,2013-04-26,New York Islanders,1,Atlantic,Eastern
2012-13,2013-01-20,New York Rangers,0,Atlantic,Eastern
2012-13,2013-01-21,New York Rangers,0,Atlantic,Eastern
2012-13,2013-01-24,New York Rangers,2,Atlantic,Eastern
2012-13,2013-01-25,New York Rangers,0,Atlantic,Eastern
2012-13,2013-01-27,New York Rangers,2,Atlantic,Eastern
2012-13,2013-01-30,New York Rangers,2,Atlantic,Eastern
2012-13,2013-02-01,New York Rangers,0,Atlantic,Eastern
2012-13,2013-02-03,New York Rangers,2,Atlantic,Eastern
2012-13,2013-02-06,New York Rangers,0,Atlantic,Eastern
2012-13,2013-02-08,New York Rangers,2,Atlantic,Eastern
2012-13,2013-02-11,New York Rangers,2,Atlantic,Eastern
2012-13,2013-02-13,New York Rangers,2,Atlantic,Eastern
2012-13,2013-02-15,New York Rangers,1,Atlantic,Eastern
2012-13,2013-02-17,New York Rangers,2,Atlantic,Eastern
2012-13,2013-02-20,New York Rangers,0,Atlantic,Eastern
2012-13,2013-02-22,New York Rangers,1,Atlantic,Eastern
2012-13,2013-02-24,New York Rangers,0,Atlantic,Eastern
2012-13,2013-02-27,New York Rangers,0,Atlantic,Eastern
2012-13,2013-03-01,New York Rangers,2,Atlantic,Eastern
2012-13,2013-03-04,New York Rangers,2,Atlantic,Eastern
2012-13,2013-03-06,New York Rangers,2,Atlantic,Eastern
2012-13,2013-03-08,New York Rangers,2,Atlantic,Eastern
2012-13,2013-03-09,New York Rangers,0,Atlantic,Eastern
2012-13,2013-03-10,New York Rangers,2,Atlantic,Eastern
2012-13,2013-03-12,New York Rangers,0,Atlantic,Eastern
2012-13,2013-03-15,New York Rangers,0,Atlantic,Eastern
2012-13,2013-03-16,New York Rangers,0,Atlantic,Eastern
2012-13,2013-03-18,New York Rangers,2,Atlantic,Eastern
2012-13,2013-03-19,New York Rangers,2,Atlantic,Eastern
2012-13,2013-03-21,New York Rangers,0,Atlantic,Eastern
2012-13,2013-03-24,New York Rangers,1,Atlantic,Eastern
2012-13,2013-03-26,New York Rangers,2,Atlantic,Eastern
2012-13,2013-03-28,New York Rangers,0,Atlantic,Eastern
2012-13,2013-03-30,New York Rangers,0,Atlantic,Eastern
2012-13,2013-04-01,New York Rangers,2,Atlantic,Eastern
2012-13,2013-04-03,New York Rangers,2,Atlantic,Eastern
2012-13,2013-04-05,New York Rangers,1,Atlantic,Eastern
2012-13,2013-04-06,New York Rangers,2,Atlantic,Eastern
2012-13,2013-04-08,New York Rangers,0,Atlantic,Eastern
2012-13,2013-04-10,New York Rangers,2,Atlantic,Eastern
2012-13,2013-04-13,New York Rangers,2,Atlantic,Eastern
2012-13,2013-04-16,New York Rangers,0,Atlantic,Eastern
2012-13,2013-04-18,New York Rangers,2,Atlantic,Eastern
2012-13,2013-04-19,New York Rangers,2,Atlantic,Eastern
2012-13,2013-04-21,New York Rangers,2,Atlantic,Eastern
2012-13,2013-04-23,New York Rangers,0,Atlantic,Eastern
2012-13,2013-04-25,New York Rangers,2,Atlantic,Eastern
2012-13,2013-04-27,New York Rangers,2,Atlantic,Eastern
2012-13,2013-01-19,Ottawa Senators,2,Northeast,Eastern
2012-13,2013-01-22,Ottawa Senators,2,Northeast,Eastern
2012-13,2013-01-25,Ottawa Senators,2,Northeast,Eastern
2012-13,2013-01-26,Ottawa Senators,0,Northeast,Eastern
2012-13,2013-01-27,Ottawa Senators,1,Northeast,Eastern
2012-13,2013-01-30,Ottawa Senators,2,Northeast,Eastern
2012-13,2013-01-31,Ottawa Senators,2,Northeast,Eastern
2012-13,2013-02-02,Ottawa Senators,0,Northeast,Eastern
2012-13,2013-02-03,Ottawa Senators,0,Northeast,Eastern
2012-13,2013-02-06,Ottawa Senators,2,Northeast,Eastern
2012-13,2013-02-08,Ottawa Senators,1,Northeast,Eastern
2012-13,2013-02-09,Ottawa Senators,0,Northeast,Eastern
2012-13,2013-02-13,Ottawa Senators,2,Northeast,Eastern
2012-13,2013-02-14,Ottawa Senators,0,Northeast,Eastern
2012-13,2013-02-17,Ottawa Senators,0,Northeast,Eastern
2012-13,2013-02-18,Ottawa Senators,2,Northeast,Eastern
2012-13,2013-02-20,Ottawa Senators,2,Northeast,Eastern
2012-13,2013-02-22,Ottawa Senators,2,Northeast,Eastern
2012-13,2013-02-24,Ottawa Senators,2,Northeast,Eastern
2012-13,2013-02-26,Ottawa Senators,2,Northeast,Eastern
2012-13,2013-03-01,Ottawa Senators,1,Northeast,Eastern
2012-13,2013-03-02,Ottawa Senators,0,Northeast,Eastern
2012-13,2013-03-03,Ottawa Senators,1,Northeast,Eastern
2012-13,2013-03-07,Ottawa Senators,0,Northeast,Eastern
2012-13,2013-03-09,Ottawa Senators,2,Northeast,Eastern
2012-13,2013-03-11,Ottawa Senators,1,Northeast,Eastern
2012-13,2013-03-13,Ottawa Senators,1,Northeast,Eastern
2012-13,2013-03-16,Ottawa Senators,2,Northeast,Eastern
2012-13,2013-03-17,Ottawa Senators,2,Northeast,Eastern
2012-13,2013-03-19,Ottawa Senators,2,Northeast,Eastern
2012-13,2013-03-21,Ottawa Senators,0,Northeast,Eastern
2012-13,2013-03-23,Ottawa Senators,2,Northeast,Eastern
2012-13,2013-03-25,Ottawa Senators,2,Northeast,Eastern
2012-13,2013-03-28,Ottawa Senators,2,Northeast,Eastern
2012-13,2013-03-30,Ottawa Senators,0,Northeast,Eastern
2012-13,2013-04-02,Ottawa Senators,0,Northeast,Eastern
2012-13,2013-04-05,Ottawa Senators,0,Northeast,Eastern
2012-13,2013-04-07,Ottawa Senators,0,Northeast,Eastern
2012-13,2013-04-09,Ottawa Senators,0,Northeast,Eastern
2012-13,2013-04-11,Ottawa Senators,2,Northeast,Eastern
2012-13,2013-04-12,Ottawa Senators,2,Northeast,Eastern
2012-13,2013-04-16,Ottawa Senators,2,Northeast,Eastern
2012-13,2013-04-18,Ottawa Senators,2,Northeast,Eastern
2012-13,2013-04-20,Ottawa Senators,0,Northeast,Eastern
2012-13,2013-04-22,Ottawa Senators,0,Northeast,Eastern
2012-13,2013-04-25,Ottawa Senators,2,Northeast,Eastern
2012-13,2013-04-27,Ottawa Senators,0,Northeast,Eastern
2012-13,2013-04-28,Ottawa Senators,2,Northeast,Eastern
2012-13,2013-01-19,Philadelphia Flyers,0,Atlantic,Eastern
2012-13,2013-01-20,Philadelphia Flyers,0,Atlantic,Eastern
2012-13,2013-01-23,Philadelphia Flyers,0,Atlantic,Eastern
2012-13,2013-01-25,Philadelphia Flyers,2,Atlantic,Eastern
2012-13,2013-01-27,Philadelphia Flyers,2,Atlantic,Eastern
2012-13,2013-01-27,Philadelphia Flyers,0,Atlantic,Eastern
2012-13,2013-01-30,Philadelphia Flyers,0,Atlantic,Eastern
2012-13,2013-02-02,Philadelphia Flyers,0,Atlantic,Eastern
2012-13,2013-02-03,Philadelphia Flyers,2,Atlantic,Eastern
2012-13,2013-02-06,Philadelphia Flyers,2,Atlantic,Eastern
2012-13,2013-02-08,Philadelphia Flyers,1,Atlantic,Eastern
2012-13,2013-02-09,Philadelphia Flyers,2,Atlantic,Eastern
2012-13,2013-02-12,Philadelphia Flyers,0,Atlantic,Eastern
2012-13,2013-02-13,Philadelphia Flyers,2,Atlantic,Eastern
2012-13,2013-02-16,Philadelphia Flyers,0,Atlantic,Eastern
2012-13,2013-02-17,Philadelphia Flyers,0,Atlantic,Eastern
2012-13,2013-02-18,Philadelphia Flyers,2,Atlantic,Eastern
2012-13,2013-02-21,Philadelphia Flyers,2,Atlantic,Eastern
2012-13,2013-02-22,Philadelphia Flyers,0,Atlantic,Eastern
2012-13,2013-02-23,Philadelphia Flyers,2,Atlantic,Eastern
2012-13,2013-02-26,Philadelphia Flyers,0,Atlantic,Eastern
2012-13,2013-02-28,Philadelphia Flyers,2,Atlantic,Eastern
2012-13,2013-03-02,Philadelphia Flyers,2,Atlantic,Eastern
2012-13,2013-03-06,Philadelphia Flyers,0,Atlantic,Eastern
2012-13,2013-03-08,Philadelphia Flyers,0,Atlantic,Eastern
2012-13,2013-03-09,Philadelphia Flyers,0,Atlantic,Eastern
2012-13,2013-03-10,Philadelphia Flyers,2,Atlantic,Eastern
2012-13,2013-03-13,Philadelphia Flyers,0,Atlantic,Eastern
2012-13,2013-03-15,Philadelphia Flyers,2,Atlantic,Eastern
2012-13,2013-03-18,Philadelphia Flyers,0,Atlantic,Eastern
2012-13,2013-03-24,Philadelphia Flyers,1,Atlantic,Eastern
2012-13,2013-03-26,Philadelphia Flyers,0,Atlantic,Eastern
2012-13,2013-03-28,Philadelphia Flyers,1,Atlantic,Eastern
2012-13,2013-03-30,Philadelphia Flyers,2,Atlantic,Eastern
2012-13,2013-03-31,Philadelphia Flyers,2,Atlantic,Eastern
2012-13,2013-04-03,Philadelphia Flyers,2,Atlantic,Eastern
2012-13,2013-04-04,Philadelphia Flyers,2,Atlantic,Eastern
2012-13,2013-04-06,Philadelphia Flyers,0,Atlantic,Eastern
2012-13,2013-04-09,Philadelphia Flyers,0,Atlantic,Eastern
2012-13,2013-04-11,Philadelphia Flyers,0,Atlantic,Eastern
2012-13,2013-04-13,Philadelphia Flyers,0,Atlantic,Eastern
2012-13,2013-04-15,Philadelphia Flyers,2,Atlantic,Eastern
2012-13,2013-04-16,Philadelphia Flyers,2,Atlantic,Eastern
2012-13,2013-04-18,Philadelphia Flyers,0,Atlantic,Eastern
2012-13,2013-04-20,Philadelphia Flyers,2,Atlantic,Eastern
2012-13,2013-04-23,Philadelphia Flyers,2,Atlantic,Eastern
2012-13,2013-04-25,Philadelphia Flyers,2,Atlantic,Eastern
2012-13,2013-04-27,Philadelphia Flyers,2,Atlantic,Eastern
2012-13,2013-01-20,Phoenix Coyotes,0,Pacific,Western
2012-13,2013-01-21,Phoenix Coyotes,0,Pacific,Western
2012-13,2013-01-24,Phoenix Coyotes,2,Pacific,Western
2012-13,2013-01-25,Phoenix Coyotes,0,Pacific,Western
2012-13,2013-01-27,Phoenix Coyotes,0,Pacific,Western
2012-13,2013-01-29,Phoenix Coyotes,2,Pacific,Western
2012-13,2013-01-31,Phoenix Coyotes,1,Pacific,Western
2012-13,2013-02-02,Phoenix Coyotes,1,Pacific,Western
2012-13,2013-02-03,Phoenix Coyotes,2,Pacific,Western
2012-13,2013-02-05,Phoenix Coyotes,2,Pacific,Western
2012-13,2013-02-08,Phoenix Coyotes,0,Pacific,Western
2012-13,2013-02-09,Phoenix Coyotes,2,Pacific,Western
2012-13,2013-02-12,Phoenix Coyotes,2,Pacific,Western
2012-13,2013-02-15,Phoenix Coyotes,0,Pacific,Western
2012-13,2013-02-17,Phoenix Coyotes,2,Pacific,Western
2012-13,2013-02-19,Phoenix Coyotes,2,Pacific,Western
2012-13,2013-02-23,Phoenix Coyotes,1,Pacific,Western
2012-13,2013-02-25,Phoenix Coyotes,0,Pacific,Western
2012-13,2013-02-27,Phoenix Coyotes,2,Pacific,Western
2012-13,2013-03-01,Phoenix Coyotes,0,Pacific,Western
2012-13,2013-03-03,Phoenix Coyotes,2,Pacific,Western
2012-13,2013-03-05,Phoenix Coyotes,2,Pacific,Western
2012-13,2013-03-07,Phoenix Coyotes,0,Pacific,Western
2012-13,2013-03-08,Phoenix Coyotes,0,Pacific,Western
2012-13,2013-03-10,Phoenix Coyotes,2,Pacific,Western
2012-13,2013-03-13,Phoenix Coyotes,2,Pacific,Western
2012-13,2013-03-15,Phoenix Coyotes,0,Pacific,Western
2012-13,2013-03-16,Phoenix Coyotes,1,Pacific,Western
2012-13,2013-03-19,Phoenix Coyotes,0,Pacific,Western
2012-13,2013-03-20,Phoenix Coyotes,0,Pacific,Western
2012-13,2013-03-22,Phoenix Coyotes,0,Pacific,Western
2012-13,2013-03-26,Phoenix Coyotes,0,Pacific,Western
2012-13,2013-03-28,Phoenix Coyotes,1,Pacific,Western
2012-13,2013-03-29,Phoenix Coyotes,2,Pacific,Western
2012-13,2013-03-31,Phoenix Coyotes,1,Pacific,Western
2012-13,2013-04-03,Phoenix Coyotes,2,Pacific,Western
2012-13,2013-04-05,Phoenix Coyotes,2,Pacific,Western
2012-13,2013-04-07,Phoenix Coyotes,2,Pacific,Western
2012-13,2013-04-09,Phoenix Coyotes,0,Pacific,Western
2012-13,2013-04-11,Phoenix Coyotes,2,Pacific,Western
2012-13,2013-04-13,Phoenix Coyotes,1,Pacific,Western
2012-13,2013-04-16,Phoenix Coyotes,0,Pacific,Western
2012-13,2013-04-19,Phoenix Coyotes,1,Pacific,Western
2012-13,2013-04-21,Phoenix Coyotes,2,Pacific,Western
2012-13,2013-04-22,Phoenix Coyotes,0,Pacific,Western
2012-13,2013-04-25,Phoenix Coyotes,2,Pacific,Western
2012-13,2013-04-27,Phoenix Coyotes,1,Pacific,Western
2012-13,2013-04-28,Phoenix Coyotes,2,Pacific,Western
2012-13,2013-01-19,Pittsburgh Penguins,2,Atlantic,Eastern
2012-13,2013-01-21,Pittsburgh Penguins,2,Atlantic,Eastern
2012-13,2013-01-24,Pittsburgh Penguins,0,Atlantic,Eastern
2012-13,2013-01-26,Pittsburgh Penguins,0,Atlantic,Eastern
2012-13,2013-01-27,Pittsburgh Penguins,2,Atlantic,Eastern
2012-13,2013-01-30,Pittsburgh Penguins,0,Atlantic,Eastern
2012-13,2013-02-01,Pittsburgh Penguins,2,Atlantic,Eastern
2012-13,2013-02-02,Pittsburgh Penguins,2,Atlantic,Eastern
2012-13,2013-02-03,Pittsburgh Penguins,2,Atlantic,Eastern
2012-13,2013-02-06,Pittsburgh Penguins,2,Atlantic,Eastern
2012-13,2013-02-08,Pittsburgh Penguins,2,Atlantic,Eastern
2012-13,2013-02-09,Pittsburgh Penguins,0,Atlantic,Eastern
2012-13,2013-02-11,Pittsburgh Penguins,0,Atlantic,Eastern
2012-13,2013-02-14,Pittsburgh Penguins,2,Atlantic,Eastern
2012-13,2013-02-16,Pittsburgh Penguins,2,Atlantic,Eastern
2012-13,2013-02-17,Pittsburgh Penguins,2,Atlantic,Eastern
2012-13,2013-02-21,Pittsburgh Penguins,0,Atlantic,Eastern
2012-13,2013-02-23,Pittsburgh Penguins,2,Atlantic,Eastern
2012-13,2013-02-25,Pittsburgh Penguins,2,Atlantic,Eastern
2012-13,2013-02-27,Pittsburgh Penguins,0,Atlantic,Eastern
2012-13,2013-03-01,Pittsburgh Penguins,0,Atlantic,Eastern
2012-13,2013-03-03,Pittsburgh Penguins,2,Atlantic,Eastern
2012-13,2013-03-05,Pittsburgh Penguins,2,Atlantic,Eastern
2012-13,2013-03-08,Pittsburgh Penguins,2,Atlantic,Eastern
2012-13,2013-03-10,Pittsburgh Penguins,2,Atlantic,Eastern
2012-13,2013-03-10,Pittsburgh Penguins,2,Atlantic,Eastern
2012-13,2013-03-12,Pittsburgh Penguins,2,Atlantic,Eastern
2012-13,2013-03-14,Pittsburgh Penguins,2,Atlantic,Eastern
2012-13,2013-03-16,Pittsburgh Penguins,2,Atlantic,Eastern
2012-13,2013-03-17,Pittsburgh Penguins,2,Atlantic,Eastern
2012-13,2013-03-19,Pittsburgh Penguins,2,Atlantic,Eastern
2012-13,2013-03-22,Pittsburgh Penguins,2,Atlantic,Eastern
2012-13,2013-03-24,Pittsburgh Penguins,2,Atlantic,Eastern
2012-13,2013-03-26,Pittsburgh Penguins,2,Atlantic,Eastern
2012-13,2013-03-28,Pittsburgh Penguins,2,Atlantic,Eastern
2012-13,2013-03-30,Pittsburgh Penguins,2,Atlantic,Eastern
2012-13,2013-04-02,Pittsburgh Penguins,0,Atlantic,Eastern
2012-13,2013-04-03,Pittsburgh Penguins,0,Atlantic,Eastern
2012-13,2013-04-05,Pittsburgh Penguins,2,Atlantic,Eastern
2012-13,2013-04-09,Pittsburgh Penguins,2,Atlantic,Eastern
2012-13,2013-04-11,Pittsburgh Penguins,2,Atlantic,Eastern
2012-13,2013-04-13,Pittsburgh Penguins,2,Atlantic,Eastern
2012-13,2013-04-17,Pittsburgh Penguins,2,Atlantic,Eastern
2012-13,2013-04-20,Pittsburgh Penguins,2,Atlantic,Eastern
2012-13,2013-04-22,Pittsburgh Penguins,2,Atlantic,Eastern
2012-13,2013-04-23,Pittsburgh Penguins,0,Atlantic,Eastern
2012-13,2013-04-25,Pittsburgh Penguins,0,Atlantic,Eastern
2012-13,2013-04-27,Pittsburgh Penguins,2,Atlantic,Eastern
2012-13,2013-01-20,San Jose Sharks,2,Pacific,Western
2012-13,2013-01-23,San Jose Sharks,2,Pacific,Western
2012-13,2013-01-25,San Jose Sharks,2,Pacific,Western
2012-13,2013-01-26,San Jose Sharks,2,Pacific,Western
2012-13,2013-01-28,San Jose Sharks,2,Pacific,Western
2012-13,2013-01-30,San Jose Sharks,2,Pacific,Western
2012-13,2013-02-01,San Jose Sharks,2,Pacific,Western
2012-13,2013-02-03,San Jose Sharks,1,Pacific,Western
2012-13,2013-02-05,San Jose Sharks,0,Pacific,Western
2012-13,2013-02-06,San Jose Sharks,0,Pacific,Western
2012-13,2013-02-09,San Jose Sharks,1,Pacific,Western
2012-13,2013-02-12,San Jose Sharks,0,Pacific,Western
2012-13,2013-02-13,San Jose Sharks,1,Pacific,Western
2012-13,2013-02-16,San Jose Sharks,0,Pacific,Western
2012-13,2013-02-20,San Jose Sharks,2,Pacific,Western
2012-13,2013-02-23,San Jose Sharks,0,Pacific,Western
2012-13,2013-02-24,San Jose Sharks,0,Pacific,Western
2012-13,2013-02-27,San Jose Sharks,2,Pacific,Western
2012-13,2013-03-01,San Jose Sharks,1,Pacific,Western
2012-13,2013-03-03,San Jose Sharks,2,Pacific,Western
2012-13,2013-03-06,San Jose Sharks,2,Pacific,Western
2012-13,2013-03-07,San Jose Sharks,0,Pacific,Western
2012-13,2013-03-09,San Jose Sharks,1,Pacific,Western
2012-13,2013-03-11,San Jose Sharks,1,Pacific,Western
2012-13,2013-03-13,San Jose Sharks,0,Pacific,Western
2012-13,2013-03-15,San Jose Sharks,2,Pacific,Western
2012-13,2013-03-17,San Jose Sharks,0,Pacific,Western
2012-13,2013-03-19,San Jose Sharks,0,Pacific,Western
2012-13,2013-03-21,San Jose Sharks,2,Pacific,Western
2012-13,2013-03-23,San Jose Sharks,0,Pacific,Western
2012-13,2013-03-26,San Jose Sharks,2,Pacific,Western
2012-13,2013-03-28,San Jose Sharks,2,Pacific,Western
2012-13,2013-03-29,San Jose Sharks,2,Pacific,Western
2012-13,2013-03-31,San Jose Sharks,2,Pacific,Western
2012-13,2013-04-02,San Jose Sharks,2,Pacific,Western
2012-13,2013-04-04,San Jose Sharks,2,Pacific,Western
2012-13,2013-04-06,San Jose Sharks,2,Pacific,Western
2012-13,2013-04-07,San Jose Sharks,1,Pacific,Western
2012-13,2013-04-09,San Jose Sharks,0,Pacific,Western
2012-13,2013-04-11,San Jose Sharks,2,Pacific,Western
2012-13,2013-04-14,San Jose Sharks,0,Pacific,Western
2012-13,2013-04-16,San Jose Sharks,2,Pacific,Western
2012-13,2013-04-17,San Jose Sharks,2,Pacific,Western
2012-13,2013-04-19,San Jose Sharks,2,Pacific,Western
2012-13,2013-04-22,San Jose Sharks,0,Pacific,Western
2012-13,2013-04-24,San Jose Sharks,2,Pacific,Western
2012-13,2013-04-25,San Jose Sharks,0,Pacific,Western
2012-13,2013-04-28,San Jose Sharks,0,Pacific,Western
2012-13,2013-01-20,St. Louis Blues,2,Central,Western
2012-13,2013-01-21,St. Louis Blues,2,Central,Western
2012-13,2013-01-23,St. Louis Blues,0,Central,Western
2012-13,2013-01-25,St. Louis Blues,2,Central,Western
2012-13,2013-01-27,St. Louis Blues,2,Central,Western
2012-13,2013-01-28,St. Louis Blues,2,Central,Western
2012-13,2013-02-01,St. Louis Blues,2,Central,Western
2012-13,2013-02-02,St. Louis Blues,0,Central,Western
2012-13,2013-02-06,St. Louis Blues,0,Central,Western
2012-13,2013-02-08,St. Louis Blues,0,Central,Western
2012-13,2013-02-10,St. Louis Blues,1,Central,Western
2012-13,2013-02-12,St. Louis Blues,0,Central,Western
2012-13,2013-02-14,St. Louis Blues,2,Central,Western
2012-13,2013-02-16,St. Louis Blues,2,Central,Western
2012-13,2013-02-18,St. Louis Blues,2,Central,Western
2012-13,2013-02-20,St. Louis Blues,0,Central,Western
2012-13,2013-02-21,St. Louis Blues,1,Central,Western
2012-13,2013-02-24,St. Louis Blues,2,Central,Western
2012-13,2013-03-01,St. Louis Blues,0,Central,Western
2012-13,2013-03-02,St. Louis Blues,2,Central,Western
2012-13,2013-03-03,St. Louis Blues,0,Central,Western
2012-13,2013-03-06,St. Louis Blues,0,Central,Western
2012-13,2013-03-08,St. Louis Blues,2,Central,Western
2012-13,2013-03-09,St. Louis Blues,2,Central,Western
2012-13,2013-03-11,St. Louis Blues,0,Central,Western
2012-13,2013-03-13,St. Louis Blues,2,Central,Western
2012-13,2013-03-15,St. Louis Blues,2,Central,Western
2012-13,2013-03-17,St. Louis Blues,2,Central,Western
2012-13,2013-03-20,St. Louis Blues,0,Central,Western
2012-13,2013-03-24,St. Louis Blues,2,Central,Western
2012-13,2013-03-25,St. Louis Blues,0,Central,Western
2012-13,2013-03-27,St. Louis Blues,0,Central,Western
2012-13,2013-03-29,St. Louis Blues,0,Central,Western
2012-13,2013-04-02,St. Louis Blues,2,Central,Western
2012-13,2013-04-05,St. Louis Blues,2,Central,Western
2012-13,2013-04-06,St. Louis Blues,2,Central,Western
2012-13,2013-04-07,St. Louis Blues,2,Central,Western
2012-13,2013-04-10,St. Louis Blues,2,Central,Western
2012-13,2013-04-12,St. Louis Blues,0,Central,Western
2012-13,2013-04-12,St. Louis Blues,2,Central,Western
2012-13,2013-04-14,St. Louis Blues,0,Central,Western
2012-13,2013-04-17,St. Louis Blues,2,Central,Western
2012-13,2013-04-19,St. Louis Blues,2,Central,Western
2012-13,2013-04-20,St. Louis Blues,2,Central,Western
2012-13,2013-04-22,St. Louis Blues,0,Central,Western
2012-13,2013-04-24,St. Louis Blues,2,Central,Western
2012-13,2013-04-26,St. Louis Blues,2,Central,Western
2012-13,2013-04-28,St. Louis Blues,2,Central,Western
2012-13,2013-01-20,Tampa Bay Lightning,2,Southeast,Eastern
2012-13,2013-01-21,Tampa Bay Lightning,0,Southeast,Eastern
2012-13,2013-01-23,Tampa Bay Lightning,2,Southeast,Eastern
2012-13,2013-01-26,Tampa Bay Lightning,2,Southeast,Eastern
2012-13,2013-01-27,Tampa Bay Lightning,2,Southeast,Eastern
2012-13,2013-01-30,Tampa Bay Lightning,2,Southeast,Eastern
2012-13,2013-02-02,Tampa Bay Lightning,2,Southeast,Eastern
2012-13,2013-02-03,Tampa Bay Lightning,0,Southeast,Eastern
2012-13,2013-02-06,Tampa Bay Lightning,0,Southeast,Eastern
2012-13,2013-02-08,Tampa Bay Lightning,0,Southeast,Eastern
2012-13,2013-02-11,Tampa Bay Lightning,0,Southeast,Eastern
2012-13,2013-02-13,Tampa Bay Lightning,1,Southeast,Eastern
2012-13,2013-02-15,Tampa Bay Lightning,0,Southeast,Eastern
2012-13,2013-02-16,Tampa Bay Lightning,2,Southeast,Eastern
2012-13,2013-02-20,Tampa Bay Lightning,2,Southeast,Eastern
2012-13,2013-02-22,Tampa Bay Lightning,0,Southeast,Eastern
2012-13,2013-02-24,Tampa Bay Lightning,2,Southeast,Eastern
2012-13,2013-02-25,Tampa Bay Lightning,0,Southeast,Eastern
2012-13,2013-02-27,Tampa Bay Lightning,0,Southeast,Eastern
2012-13,2013-03-01,Tampa Bay Lightning,0,Southeast,Eastern
2012-13,2013-03-02,Tampa Bay Lightning,0,Southeast,Eastern
2012-13,2013-03-05,Tampa Bay Lightning,0,Southeast,Eastern
2012-13,2013-03-06,Tampa Bay Lightning,2,Southeast,Eastern
2012-13,2013-03-08,Tampa Bay Lightning,0,Southeast,Eastern
2012-13,2013-03-10,Tampa Bay Lightning,0,Southeast,Eastern
2012-13,2013-03-12,Tampa Bay Lightning,2,Southeast,Eastern
2012-13,2013-03-14,Tampa Bay Lightning,0,Southeast,Eastern
2012-13,2013-03-16,Tampa Bay Lightning,2,Southeast,Eastern
2012-13,2013-03-18,Tampa Bay Lightning,2,Southeast,Eastern
2012-13,2013-03-20,Tampa Bay Lightning,0,Southeast,Eastern
2012-13,2013-03-23,Tampa Bay Lightning,0,Southeast,Eastern
2012-13,2013-03-25,Tampa Bay Lightning,0,Southeast,Eastern
2012-13,2013-03-26,Tampa Bay Lightning,2,Southeast,Eastern
2012-13,2013-03-29,Tampa Bay Lightning,2,Southeast,Eastern
2012-13,2013-04-02,Tampa Bay Lightning,1,Southeast,Eastern
2012-13,2013-04-04,Tampa Bay Lightning,2,Southeast,Eastern
2012-13,2013-04-06,Tampa Bay Lightning,0,Southeast,Eastern
2012-13,2013-04-07,Tampa Bay Lightning,0,Southeast,Eastern
2012-13,2013-04-09,Tampa Bay Lightning,2,Southeast,Eastern
2012-13,2013-04-11,Tampa Bay Lightning,0,Southeast,Eastern
2012-13,2013-04-13,Tampa Bay Lightning,1,Southeast,Eastern
2012-13,2013-04-14,Tampa Bay Lightning,0,Southeast,Eastern
2012-13,2013-04-17,Tampa Bay Lightning,1,Southeast,Eastern
2012-13,2013-04-18,Tampa Bay Lightning,0,Southeast,Eastern
2012-13,2013-04-21,Tampa Bay Lightning,0,Southeast,Eastern
2012-13,2013-04-24,Tampa Bay Lightning,2,Southeast,Eastern
2012-13,2013-04-25,Tampa Bay Lightning,0,Southeast,Eastern
2012-13,2013-04-27,Tampa Bay Lightning,0,Southeast,Eastern
2012-13,2013-01-20,Toronto Maple Leafs,2,Northeast,Eastern
2012-13,2013-01-22,Toronto Maple Leafs,0,Northeast,Eastern
2012-13,2013-01-24,Toronto Maple Leafs,2,Northeast,Eastern
2012-13,2013-01-25,Toronto Maple Leafs,0,Northeast,Eastern
2012-13,2013-01-27,Toronto Maple Leafs,0,Northeast,Eastern
2012-13,2013-01-30,Toronto Maple Leafs,2,Northeast,Eastern
2012-13,2013-02-01,Toronto Maple Leafs,2,Northeast,Eastern
2012-13,2013-02-03,Toronto Maple Leafs,0,Northeast,Eastern
2012-13,2013-02-05,Toronto Maple Leafs,0,Northeast,Eastern
2012-13,2013-02-06,Toronto Maple Leafs,2,Northeast,Eastern
2012-13,2013-02-08,Toronto Maple Leafs,2,Northeast,Eastern
2012-13,2013-02-10,Toronto Maple Leafs,2,Northeast,Eastern
2012-13,2013-02-12,Toronto Maple Leafs,2,Northeast,Eastern
2012-13,2013-02-15,Toronto Maple Leafs,0,Northeast,Eastern
2012-13,2013-02-17,Toronto Maple Leafs,2,Northeast,Eastern
2012-13,2013-02-19,Toronto Maple Leafs,2,Northeast,Eastern
2012-13,2013-02-20,Toronto Maple Leafs,0,Northeast,Eastern
2012-13,2013-02-22,Toronto Maple Leafs,2,Northeast,Eastern
2012-13,2013-02-24,Toronto Maple Leafs,0,Northeast,Eastern
2012-13,2013-02-26,Toronto Maple Leafs,2,Northeast,Eastern
2012-13,2013-02-28,Toronto Maple Leafs,0,Northeast,Eastern
2012-13,2013-03-01,Toronto Maple Leafs,2,Northeast,Eastern
2012-13,2013-03-05,Toronto Maple Leafs,2,Northeast,Eastern
2012-13,2013-03-07,Toronto Maple Leafs,2,Northeast,Eastern
2012-13,2013-03-08,Toronto Maple Leafs,0,Northeast,Eastern
2012-13,2013-03-10,Toronto Maple Leafs,1,Northeast,Eastern
2012-13,2013-03-13,Toronto Maple Leafs,0,Northeast,Eastern
2012-13,2013-03-14,Toronto Maple Leafs,0,Northeast,Eastern
2012-13,2013-03-16,Toronto Maple Leafs,1,Northeast,Eastern
2012-13,2013-03-20,Toronto Maple Leafs,2,Northeast,Eastern
2012-13,2013-03-21,Toronto Maple Leafs,1,Northeast,Eastern
2012-13,2013-03-23,Toronto Maple Leafs,2,Northeast,Eastern
2012-13,2013-03-25,Toronto Maple Leafs,1,Northeast,Eastern
2012-13,2013-03-26,Toronto Maple Leafs,2,Northeast,Eastern
2012-13,2013-03-28,Toronto Maple Leafs,2,Northeast,Eastern
2012-13,2013-03-30,Toronto Maple Leafs,2,Northeast,Eastern
2012-13,2013-04-04,Toronto Maple Leafs,0,Northeast,Eastern
2012-13,2013-04-06,Toronto Maple Leafs,2,Northeast,Eastern
2012-13,2013-04-08,Toronto Maple Leafs,2,Northeast,Eastern
2012-13,2013-04-10,Toronto Maple Leafs,1,Northeast,Eastern
2012-13,2013-04-13,Toronto Maple Leafs,2,Northeast,Eastern
2012-13,2013-04-15,Toronto Maple Leafs,2,Northeast,Eastern
2012-13,2013-04-16,Toronto Maple Leafs,0,Northeast,Eastern
2012-13,2013-04-18,Toronto Maple Leafs,0,Northeast,Eastern
2012-13,2013-04-20,Toronto Maple Leafs,2,Northeast,Eastern
2012-13,2013-04-24,Toronto Maple Leafs,0,Northeast,Eastern
2012-13,2013-04-25,Toronto Maple Leafs,2,Northeast,Eastern
2012-13,2013-04-27,Toronto Maple Leafs,0,Northeast,Eastern
2012-13,2013-01-20,Vancouver Canucks,0,Northwest,Western
2012-13,2013-01-21,Vancouver Canucks,1,Northwest,Western
2012-13,2013-01-24,Vancouver Canucks,2,Northwest,Western
2012-13,2013-01-26,Vancouver Canucks,2,Northwest,Western
2012-13,2013-01-28,Vancouver Canucks,0,Northwest,Western
2012-13,2013-01-29,Vancouver Canucks,1,Northwest,Western
2012-13,2013-01-31,Vancouver Canucks,2,Northwest,Western
2012-13,2013-02-02,Vancouver Canucks,2,Northwest,Western
2012-13,2013-02-05,Vancouver Canucks,2,Northwest,Western
2012-13,2013-02-08,Vancouver Canucks,2,Northwest,Western
2012-13,2013-02-10,Vancouver Canucks,2,Northwest,Western
2012-13,2013-02-13,Vancouver Canucks,2,Northwest,Western
2012-13,2013-02-16,Vancouver Canucks,0,Northwest,Western
2012-13,2013-02-18,Vancouver Canucks,1,Northwest,Western
2012-13,2013-02-20,Vancouver Canucks,1,Northwest,Western
2012-13,2013-02-22,Vancouver Canucks,2,Northwest,Western
2012-13,2013-02-23,Vancouver Canucks,2,Northwest,Western
2012-13,2013-02-24,Vancouver Canucks,0,Northwest,Western
2012-13,2013-02-27,Vancouver Canucks,0,Northwest,Western
2012-13,2013-03-03,Vancouver Canucks,2,Northwest,Western
2012-13,2013-03-04,Vancouver Canucks,0,Northwest,Western
2012-13,2013-03-06,Vancouver Canucks,1,Northwest,Western
2012-13,2013-03-08,Vancouver Canucks,1,Northwest,Western
2012-13,2013-03-11,Vancouver Canucks,0,Northwest,Western
2012-13,2013-03-12,Vancouver Canucks,2,Northwest,Western
2012-13,2013-03-15,Vancouver Canucks,2,Northwest,Western
2012-13,2013-03-17,Vancouver Canucks,0,Northwest,Western
2012-13,2013-03-19,Vancouver Canucks,0,Northwest,Western
2012-13,2013-03-20,Vancouver Canucks,2,Northwest,Western
2012-13,2013-03-22,Vancouver Canucks,2,Northwest,Western
2012-13,2013-03-23,Vancouver Canucks,2,Northwest,Western
2012-13,2013-03-25,Vancouver Canucks,2,Northwest,Western
2012-13,2013-03-27,Vancouver Canucks,2,Northwest,Western
2012-13,2013-03-29,Vancouver Canucks,2,Northwest,Western
2012-13,2013-03-31,Vancouver Canucks,0,Northwest,Western
2012-13,2013-04-02,Vancouver Canucks,0,Northwest,Western
2012-13,2013-04-05,Vancouver Canucks,2,Northwest,Western
2012-13,2013-04-07,Vancouver Canucks,2,Northwest,Western
2012-13,2013-04-09,Vancouver Canucks,2,Northwest,Western
2012-13,2013-04-11,Vancouver Canucks,2,Northwest,Western
2012-13,2013-04-13,Vancouver Canucks,0,Northwest,Western
2012-13,2013-04-16,Vancouver Canucks,2,Northwest,Western
2012-13,2013-04-17,Vancouver Canucks,1,Northwest,Western
2012-13,2013-04-19,Vancouver Canucks,0,Northwest,Western
2012-13,2013-04-21,Vancouver Canucks,2,Northwest,Western
2012-13,2013-04-23,Vancouver Canucks,2,Northwest,Western
2012-13,2013-04-26,Vancouver Canucks,0,Northwest,Western
2012-13,2013-04-28,Vancouver Canucks,0,Northwest,Western
2012-13,2013-01-20,Washington Capitals,0,Southeast,Eastern
2012-13,2013-01-23,Washington Capitals,0,Southeast,Eastern
2012-13,2013-01-25,Washington Capitals,0,Southeast,Eastern
2012-13,2013-01-26,Washington Capitals,1,Southeast,Eastern
2012-13,2013-01-27,Washington Capitals,2,Southeast,Eastern
2012-13,2013-01-30,Washington Capitals,0,Southeast,Eastern
2012-13,2013-02-01,Washington Capitals,0,Southeast,Eastern
2012-13,2013-02-02,Washington Capitals,2,Southeast,Eastern
2012-13,2013-02-03,Washington Capitals,0,Southeast,Eastern
2012-13,2013-02-06,Washington Capitals,0,Southeast,Eastern
2012-13,2013-02-08,Washington Capitals,0,Southeast,Eastern
2012-13,2013-02-10,Washington Capitals,2,Southeast,Eastern
2012-13,2013-02-13,Washington Capitals,2,Southeast,Eastern
2012-13,2013-02-15,Washington Capitals,2,Southeast,Eastern
2012-13,2013-02-17,Washington Capitals,0,Southeast,Eastern
2012-13,2013-02-22,Washington Capitals,0,Southeast,Eastern
2012-13,2013-02-23,Washington Capitals,2,Southeast,Eastern
2012-13,2013-02-27,Washington Capitals,2,Southeast,Eastern
2012-13,2013-02-28,Washington Capitals,0,Southeast,Eastern
2012-13,2013-03-02,Washington Capitals,2,Southeast,Eastern
2012-13,2013-03-06,Washington Capitals,2,Southeast,Eastern
2012-13,2013-03-08,Washington Capitals,2,Southeast,Eastern
2012-13,2013-03-09,Washington Capitals,0,Southeast,Eastern
2012-13,2013-03-10,Washington Capitals,0,Southeast,Eastern
2012-13,2013-03-12,Washington Capitals,0,Southeast,Eastern
2012-13,2013-03-14,Washington Capitals,2,Southeast,Eastern
2012-13,2013-03-16,Washington Capitals,0,Southeast,Eastern
2012-13,2013-03-17,Washington Capitals,2,Southeast,Eastern
2012-13,2013-03-19,Washington Capitals,0,Southeast,Eastern
2012-13,2013-03-22,Washington Capitals,2,Southeast,Eastern
2012-13,2013-03-22,Washington Capitals,2,Southeast,Eastern
2012-13,2013-03-24,Washington Capitals,2,Southeast,Eastern
2012-13,2013-03-26,Washington Capitals,0,Southeast,Eastern
2012-13,2013-03-30,Washington Capitals,2,Southeast,Eastern
2012-13,2013-03-31,Washington Capitals,1,Southeast,Eastern
2012-13,2013-04-02,Washington Capitals,2,Southeast,Eastern
2012-13,2013-04-04,Washington Capitals,2,Southeast,Eastern
2012-13,2013-04-06,Washington Capitals,2,Southeast,Eastern
2012-13,2013-04-07,Washington Capitals,2,Southeast,Eastern
2012-13,2013-04-09,Washington Capitals,2,Southeast,Eastern
2012-13,2013-04-11,Washington Capitals,2,Southeast,Eastern
2012-13,2013-04-13,Washington Capitals,2,Southeast,Eastern
2012-13,2013-04-16,Washington Capitals,2,Southeast,Eastern
2012-13,2013-04-18,Washington Capitals,0,Southeast,Eastern
2012-13,2013-04-20,Washington Capitals,2,Southeast,Eastern
2012-13,2013-04-23,Washington Capitals,2,Southeast,Eastern
2012-13,2013-04-25,Washington Capitals,1,Southeast,Eastern
2012-13,2013-04-27,Washington Capitals,2,Southeast,Eastern
2012-13,2013-01-19,Winnipeg Jets,0,Southeast,Eastern
2012-13,2013-01-21,Winnipeg Jets,1,Southeast,Eastern
2012-13,2013-01-23,Winnipeg Jets,2,Southeast,Eastern
2012-13,2013-01-26,Winnipeg Jets,2,Southeast,Eastern
2012-13,2013-01-28,Winnipeg Jets,2,Southeast,Eastern
2012-13,2013-01-30,Winnipeg Jets,0,Southeast,Eastern
2012-13,2013-02-01,Winnipeg Jets,0,Southeast,Eastern
2012-13,2013-02-02,Winnipeg Jets,0,Southeast,Eastern
2012-13,2013-02-06,Winnipeg Jets,2,Southeast,Eastern
2012-13,2013-02-08,Winnipeg Jets,0,Southeast,Eastern
2012-13,2013-02-09,Winnipeg Jets,2,Southeast,Eastern
2012-13,2013-02-13,Winnipeg Jets,0,Southeast,Eastern
2012-13,2013-02-16,Winnipeg Jets,0,Southeast,Eastern
2012-13,2013-02-17,Winnipeg Jets,0,Southeast,Eastern
2012-13,2013-02-20,Winnipeg Jets,2,Southeast,Eastern
2012-13,2013-02-22,Winnipeg Jets,2,Southeast,Eastern
2012-13,2013-02-23,Winnipeg Jets,0,Southeast,Eastern
2012-13,2013-02-24,Winnipeg Jets,2,Southeast,Eastern
2012-13,2013-02-27,Winnipeg Jets,2,Southeast,Eastern
2012-13,2013-03-01,Winnipeg Jets,2,Southeast,Eastern
2012-13,2013-03-02,Winnipeg Jets,0,Southeast,Eastern
2012-13,2013-03-06,Winnipeg Jets,0,Southeast,Eastern
2012-13,2013-03-08,Winnipeg Jets,2,Southeast,Eastern
2012-13,2013-03-09,Winnipeg Jets,2,Southeast,Eastern
2012-13,2013-03-10,Winnipeg Jets,1,Southeast,Eastern
2012-13,2013-03-13,Winnipeg Jets,2,Southeast,Eastern
2012-13,2013-03-15,Winnipeg Jets,2,Southeast,Eastern
2012-13,2013-03-16,Winnipeg Jets,2,Southeast,Eastern
2012-13,2013-03-17,Winnipeg Jets,0,Southeast,Eastern
2012-13,2013-03-20,Winnipeg Jets,2,Southeast,Eastern
2012-13,2013-03-22,Winnipeg Jets,0,Southeast,Eastern
2012-13,2013-03-22,Winnipeg Jets,0,Southeast,Eastern
2012-13,2013-03-25,Winnipeg Jets,2,Southeast,Eastern
2012-13,2013-03-26,Winnipeg Jets,2,Southeast,Eastern
2012-13,2013-03-28,Winnipeg Jets,0,Southeast,Eastern
2012-13,2013-03-30,Winnipeg Jets,0,Southeast,Eastern
2012-13,2013-04-01,Winnipeg Jets,0,Southeast,Eastern
2012-13,2013-04-02,Winnipeg Jets,0,Southeast,Eastern
2012-13,2013-04-04,Winnipeg Jets,0,Southeast,Eastern
2012-13,2013-04-06,Winnipeg Jets,2,Southeast,Eastern
2012-13,2013-04-10,Winnipeg Jets,2,Southeast,Eastern
2012-13,2013-04-12,Winnipeg Jets,2,Southeast,Eastern
2012-13,2013-04-17,Winnipeg Jets,2,Southeast,Eastern
2012-13,2013-04-19,Winnipeg Jets,2,Southeast,Eastern
2012-13,2013-04-20,Winnipeg Jets,1,Southeast,Eastern
2012-13,2013-04-22,Winnipeg Jets,2,Southeast,Eastern
2012-13,2013-04-23,Winnipeg Jets,0,Southeast,Eastern
2012-13,2013-04-26,Winnipeg Jets,0,Southeast,Eastern
